year,full_name,gender,age,finish_time,finish_time_seconds,previous_time,progression_percentage,vitesse_finish_time,formatted_date_marathon,noc,pos,marathon_city_loc,rank_actual,score_total,half_marathon,QP,time_qualif,time_qualif_seconds,vitesse_qualif,formatted_date_qualif,Height,Weight,Sponsor,Followers,Height_1,Weight_1,Sponsor_1,Followers_1,Year_inauguration,Estimated_Spectators,Denivele_positif,Denivele_negatif,Month_of_Race,Nb_participant_moy,Season
2013,Eliud KIPCHOGE,M,40,02:04:05,7445,7530,-0.01,20.308932169241103,29/09/2013,KEN,2,Berlin,2,1488,0,3,02:02:42,7362,20.537897310513447,24/09/2023,167,52,,2600000,167,52,,2600000,2024,330000,436,438,Aout,88,Summer
2015,Eliud KIPCHOGE,M,40,02:04:42,7482,7451,0.0,20.208500400962311,26/04/2015,KEN,1,London,2,1488,0,3,02:02:42,7362,20.537897310513447,24/09/2023,167,52,,2600000,167,52,,2600000,2024,330000,436,438,Aout,88,Summer
2015,Eliud KIPCHOGE,M,40,02:04:00,7440,7482,-0.01,20.322580645161288,27/09/2015,KEN,1,Berlin,2,1488,0,3,02:02:42,7362,20.537897310513447,24/09/2023,167,52,,2600000,167,52,,2600000,2024,330000,436,438,Aout,88,Summer
2016,Eliud KIPCHOGE,M,40,02:03:05,7385,7440,-0.01,20.473933649289098,24/04/2016,KEN,1,London,2,1488,0,3,02:02:42,7362,20.537897310513447,24/09/2023,167,52,,2600000,167,52,,2600000,2024,330000,436,438,Aout,88,Summer
2017,Eliud KIPCHOGE,M,40,02:03:32,7412,7724,-0.04,20.399352401511063,24/09/2017,KEN,1,Berlin,2,1488,0,3,02:02:42,7362,20.537897310513447,24/09/2023,167,52,,2600000,167,52,,2600000,2024,330000,436,438,Aout,88,Summer
2018,Eliud KIPCHOGE,M,40,02:04:17,7457,7412,0.01,20.276250502883197,22/04/2018,KEN,1,London,2,1488,0,3,02:02:42,7362,20.537897310513447,24/09/2023,167,52,,2600000,167,52,,2600000,2024,330000,436,438,Aout,88,Summer
2018,Eliud KIPCHOGE,M,40,02:01:39,7299,7457,-0.02,20.715166461159065,16/09/2018,KEN,1,Berlin,2,1488,0,3,02:02:42,7362,20.537897310513447,24/09/2023,167,52,,2600000,167,52,,2600000,2024,330000,436,438,Aout,88,Summer
2019,Eliud KIPCHOGE,M,40,02:02:37,7357,7299,0.01,20.551855375832538,28/04/2019,KEN,1,London,2,1488,0,3,02:02:42,7362,20.537897310513447,24/09/2023,167,52,,2600000,167,52,,2600000,2024,330000,436,438,Aout,88,Summer
2020,Eliud KIPCHOGE,M,40,02:06:49,7609,7357,0.03,19.871205151793927,04/10/2020,KEN,8,London,2,1488,0,3,02:02:42,7362,20.537897310513447,24/09/2023,167,52,,2600000,167,52,,2600000,2024,330000,436,438,Aout,88,Summer
2022,Eliud KIPCHOGE,M,40,02:02:40,7360,7718,-0.05,20.543478260869566,06/03/2022,KEN,1,Tokyo,2,1488,0,3,02:02:42,7362,20.537897310513447,24/09/2023,167,52,,2600000,167,52,,2600000,2024,330000,436,438,Aout,88,Summer
2022,Eliud KIPCHOGE,M,40,02:01:09,7269,7360,-0.01,20.800660338423445,25/09/2022,KEN,1,Berlin,2,1488,0,3,02:02:42,7362,20.537897310513447,24/09/2023,167,52,,2600000,167,52,,2600000,2024,330000,436,438,Aout,88,Summer
2023,Eliud KIPCHOGE,M,40,02:02:42,7362,7269,0.01,20.537897310513447,24/09/2023,KEN,1,Berlin,2,1488,0,3,02:02:42,7362,20.537897310513447,24/09/2023,167,52,,2600000,167,52,,2600000,2024,330000,436,438,Aout,88,Summer
2020,Benson KIPRUTO,M,33,02:06:42,7602,7513,0.01,19.889502762430936,04/10/2020,KEN,7,London,3,1408,0,2,02:02:16,7336,20.610687022900763,03/03/2024,173,57,,2449,173,57,,2449,2024,330000,436,438,Aout,88,Summer
2023,Victor KIPLANGAT,M,25,02:06:03,7563,7855,-0.04,19.992066640222131,26/02/2023,UGA,2,Osaka,8,1373,0,26,02:06:03,7563,19.992066640222131,26/02/2023,,,,,,,,,2024,330000,436,438,Aout,88,Summer
2021,Gabriel Gerald GEAY,M,28,02:06:10,7570,7495,0.01,19.973579920739763,05/12/2021,TAN,8,Valencia,9,1373,0,5,02:03:00,7380,20.487804878048781,04/12/2022,159,55,,41300,159,55,,41300,2024,330000,436,438,Aout,88,Summer
2022,Gabriel Gerald GEAY,M,28,02:03:00,7380,7651,-0.04,20.487804878048781,04/12/2022,TAN,2,Valencia,9,1373,0,5,02:03:00,7380,20.487804878048781,04/12/2022,159,55,,41300,159,55,,41300,2024,330000,436,438,Aout,88,Summer
2023,Gabriel Gerald GEAY,M,28,02:04:33,7473,7380,0.01,20.2328382175833,03/12/2023,TAN,5,Valencia,9,1373,0,5,02:03:00,7380,20.487804878048781,04/12/2022,159,55,,41300,159,55,,41300,2024,330000,436,438,Aout,88,Summer
2016,Sisay LEMMA,M,34,02:10:45,7845,7516,0.04,19.273422562141491,24/04/2016,ETH,7,London,10,1369,0,1,02:01:48,7308,20.689655172413794,03/12/2023,175,67,,,175,67,,,2024,330000,436,438,Aout,88,Summer
2016,Sisay LEMMA,M,34,02:06:56,7616,7845,-0.03,19.852941176470591,25/09/2016,ETH,4,Berlin,10,1369,0,1,02:01:48,7308,20.689655172413794,03/12/2023,175,67,,,175,67,,,2024,330000,436,438,Aout,88,Summer
2019,Sisay LEMMA,M,34,02:03:36,7416,7498,-0.01,20.388349514563107,29/09/2019,ETH,3,Berlin,10,1369,0,1,02:01:48,7308,20.689655172413794,03/12/2023,175,67,,,175,67,,,2024,330000,436,438,Aout,88,Summer
2020,Sisay LEMMA,M,34,02:04:51,7491,7416,0.01,20.184221065278333,01/03/2020,ETH,3,Tokyo,10,1369,0,1,02:01:48,7308,20.689655172413794,03/12/2023,175,67,,,175,67,,,2024,330000,436,438,Aout,88,Summer
2020,Sisay LEMMA,M,34,02:05:45,7545,7491,0.01,20.039761431411531,04/10/2020,ETH,3,London,10,1369,0,1,02:01:48,7308,20.689655172413794,03/12/2023,175,67,,,175,67,,,2024,330000,436,438,Aout,88,Summer
2021,Sisay LEMMA,M,34,02:04:01,7441,7545,-0.01,20.319849482596428,03/10/2021,ETH,1,London,10,1369,0,1,02:01:48,7308,20.689655172413794,03/12/2023,175,67,,,175,67,,,2024,330000,436,438,Aout,88,Summer
2022,Sisay LEMMA,M,34,02:07:26,7646,7441,0.03,19.775045775568927,02/10/2022,ETH,7,London,10,1369,0,1,02:01:48,7308,20.689655172413794,03/12/2023,175,67,,,175,67,,,2024,330000,436,438,Aout,88,Summer
2023,Sisay LEMMA,M,34,02:01:48,7308,7586,-0.04,20.689655172413794,03/12/2023,ETH,1,Valencia,10,1369,0,1,02:01:48,7308,20.689655172413794,03/12/2023,175,67,,,175,67,,,2024,330000,436,438,Aout,88,Summer
2019,Bashir ABDI,M,35,02:07:03,7623,7846,-0.03,19.834710743801651,28/04/2019,BEL,7,London,14,1361,0,7,02:03:47,7427,20.358152686145147,16/04/2023,178,56,,63900,178,56,,63900,2024,330000,436,438,Aout,88,Summer
2020,Bashir ABDI,M,35,02:04:49,7489,7574,-0.01,20.189611430097475,01/03/2020,BEL,2,Tokyo,14,1361,0,7,02:03:47,7427,20.358152686145147,16/04/2023,178,56,,63900,178,56,,63900,2024,330000,436,438,Aout,88,Summer
2022,Bashir ABDI,M,35,02:05:19,7519,7608,-0.01,20.109057055459502,02/10/2022,BEL,3,London,14,1361,0,7,02:03:47,7427,20.358152686145147,16/04/2023,178,56,,63900,178,56,,63900,2024,330000,436,438,Aout,88,Summer
2017,Alphonce Felix SIMBU,M,32,02:09:10,7750,7772,0.0,19.509677419354841,23/04/2017,TAN,5,London,33,1317,0,18,02:05:39,7539,20.055710306406684,26/11/2023,170,55,,8741,170,55,,8741,2024,330000,436,438,Aout,88,Summer
2023,Alphonce Felix SIMBU,M,32,02:06:19,7579,7949,-0.05,19.94986145929542,26/02/2023,TAN,3,Osaka,33,1317,0,18,02:05:39,7539,20.055710306406684,26/11/2023,170,55,,8741,170,55,,8741,2024,330000,436,438,Aout,88,Summer
2014,Kaan Kigen ÖZBILEN,M,38,02:10:59,7859,7962,-0.01,19.239088942613563,06/04/2014,KEN,7,Paris,37,1310,0,9,02:04:36,7476,20.224719101123597,04/12/2022,178,57,,3274,178,57,,3274,2024,330000,436,438,Aout,88,Summer
2015,Kaan Kigen ÖZBILEN,M,38,02:07:42,7662,7619,0.01,19.733750978856694,12/04/2015,KEN,4,Paris,37,1310,0,9,02:04:36,7476,20.224719101123597,04/12/2022,178,57,,3274,178,57,,3274,2024,330000,436,438,Aout,88,Summer
2019,Kaan Kigen ÖZBILEN,M,38,02:04:16,7456,7527,-0.01,20.278969957081546,01/12/2019,TUR,2,Valencia,37,1310,0,9,02:04:36,7476,20.224719101123597,04/12/2022,178,57,,3274,178,57,,3274,2024,330000,436,438,Aout,88,Summer
2020,Kaan Kigen ÖZBILEN,M,38,02:08:50,7730,7456,0.04,19.560155239327297,06/12/2020,TUR,19,Valencia,37,1310,0,9,02:04:36,7476,20.224719101123597,04/12/2022,178,57,,3274,178,57,,3274,2024,330000,436,438,Aout,88,Summer
2022,Kaan Kigen ÖZBILEN,M,38,02:04:36,7476,7730,-0.03,20.224719101123597,04/12/2022,TUR,5,Valencia,37,1310,0,9,02:04:36,7476,20.224719101123597,04/12/2022,178,57,,3274,178,57,,3274,2024,330000,436,438,Aout,88,Summer
2023,Stephen KISSA,M,36,02:07:16,7636,7996,-0.05,19.800942902042955,05/03/2023,UGA,11,Tokyo,42,1300,0,31,02:06:22,7582,19.94196781851754,25/02/2024,,,,,,,,,2024,330000,436,438,Aout,88,Summer
2024,Stephen KISSA,M,36,02:06:22,7582,7822,-0.03,19.94196781851754,25/02/2024,UGA,2,Osaka,42,1300,0,31,02:06:22,7582,19.94196781851754,25/02/2024,,,,,,,,,2024,330000,436,438,Aout,88,Summer
2023,Tadese TAKELE,M,22,02:03:24,7404,,,20.421393841166935,24/09/2023,ETH,3,Berlin,49,1285,1,6,02:03:24,7404,20.421393841166935,24/09/2023,,,,,,,,,2024,330000,436,438,Aout,88,Summer
2022,Kenya SONOTA,M,31,02:07:23,7643,7691,-0.01,19.782807797985082,06/03/2022,JPN,7,Tokyo,56,1277,0,25,02:05:59,7559,20.00264585262601,05/03/2023,,,,,,,,,2024,330000,436,438,Aout,88,Summer
2022,Kenya SONOTA,M,31,02:07:14,7634,7643,0.0,19.806130468954674,25/09/2022,JPN,7,Berlin,56,1277,0,25,02:05:59,7559,20.00264585262601,05/03/2023,,,,,,,,,2024,330000,436,438,Aout,88,Summer
2023,Kenya SONOTA,M,31,02:05:59,7559,7634,-0.01,20.00264585262601,05/03/2023,JPN,8,Tokyo,56,1277,0,25,02:05:59,7559,20.00264585262601,05/03/2023,,,,,,,,,2024,330000,436,438,Aout,88,Summer
2020,Abdi NAGEEYE,M,35,02:07:09,7629,7659,0.0,19.819111285882816,06/12/2020,NED,15,Valencia,58,1276,0,16,02:05:32,7532,20.07434944237918,16/04/2023,165,54,,77700,165,54,,77700,2024,330000,436,438,Aout,88,Summer
2021,Gashau AYALE,M,28,02:09:30,7770,,,19.45945945945946,05/12/2021,ISR,21,Valencia,60,1271,0,10,02:04:53,7493,20.178833578006142,18/02/2024,172,61,,,172,61,,,2024,330000,436,438,Aout,88,Summer
2023,Gashau AYALE,M,28,02:05:33,7533,7829,-0.04,20.071684587813621,19/02/2023,ISR,4,Sevilla,60,1271,0,10,02:04:53,7493,20.178833578006142,18/02/2024,172,61,,,172,61,,,2024,330000,436,438,Aout,88,Summer
2023,Gashau AYALE,M,28,02:05:46,7546,7533,0.0,20.037105751391465,03/12/2023,ISR,10,Valencia,60,1271,0,10,02:04:53,7493,20.178833578006142,18/02/2024,172,61,,,172,61,,,2024,330000,436,438,Aout,88,Summer
2024,Gashau AYALE,M,28,02:04:53,7493,7546,-0.01,20.178833578006142,18/02/2024,ISR,3,Sevilla,60,1271,0,10,02:04:53,7493,20.178833578006142,18/02/2024,172,61,,,172,61,,,2024,330000,436,438,Aout,88,Summer
2024,Tebello RAMAKONGOANA,M,28,02:08:09,7689,7797,-0.01,19.664455715957864,25/02/2024,LES,12,Osaka,62,1268,0,67,02:08:09,7689,19.664455715957864,25/02/2024,175,,,4800,175,,,4800,2024,330000,436,438,Aout,88,Summer
2019,Amanal PETROS,M,29,02:10:29,7829,,,19.312811342444757,01/12/2019,GER,19,Valencia,71,1257,0,11,02:04:58,7498,20.165377433982396,24/09/2023,181,61,,95600,181,61,,95600,2024,330000,436,438,Aout,88,Summer
2020,Amanal PETROS,M,29,02:07:18,7638,7829,-0.02,19.795758051846033,06/12/2020,GER,16,Valencia,71,1257,0,11,02:04:58,7498,20.165377433982396,24/09/2023,181,61,,95600,181,61,,95600,2024,330000,436,438,Aout,88,Summer
2021,Amanal PETROS,M,29,02:06:27,7587,8193,-0.07,19.9288256227758,05/12/2021,GER,11,Valencia,71,1257,0,11,02:04:58,7498,20.165377433982396,24/09/2023,181,61,,95600,181,61,,95600,2024,330000,436,438,Aout,88,Summer
2023,Amanal PETROS,M,29,02:04:58,7498,7622,-0.02,20.165377433982396,24/09/2023,GER,9,Berlin,71,1257,0,11,02:04:58,7498,20.165377433982396,24/09/2023,181,61,,95600,181,61,,95600,2024,330000,436,438,Aout,88,Summer
2019,Morhad AMDOUNI,M,36,02:09:14,7754,,,19.499613102914623,14/04/2019,FRA,8,Paris,73,1256,0,8,02:03:47,7427,20.358152686145147,18/02/2024,175,60,,18000,175,60,,18000,2024,330000,436,438,Aout,88,Summer
2022,Morhad AMDOUNI,M,36,02:05:22,7522,8073,-0.07,20.101036958255779,03/04/2022,FRA,3,Paris,73,1256,0,8,02:03:47,7427,20.358152686145147,18/02/2024,175,60,,18000,175,60,,18000,2024,330000,436,438,Aout,88,Summer
2023,Morhad AMDOUNI,M,36,02:12:45,7965,7522,0.06,18.983050847457626,02/04/2023,FRA,13,Paris,73,1256,0,8,02:03:47,7427,20.358152686145147,18/02/2024,175,60,,18000,175,60,,18000,2024,330000,436,438,Aout,88,Summer
2023,Morhad AMDOUNI,M,36,02:06:55,7615,7965,-0.04,19.855548260013133,03/12/2023,FRA,17,Valencia,73,1256,0,8,02:03:47,7427,20.358152686145147,18/02/2024,175,60,,18000,175,60,,18000,2024,330000,436,438,Aout,88,Summer
2024,Morhad AMDOUNI,M,36,02:03:47,7427,7615,-0.02,20.358152686145147,18/02/2024,FRA,2,Sevilla,73,1256,0,8,02:03:47,7427,20.358152686145147,18/02/2024,175,60,,18000,175,60,,18000,2024,330000,436,438,Aout,88,Summer
2010,Tadesse ABRAHAM,M,42,02:09:24,7764,7846,-0.01,19.474497681607417,26/09/2010,ERI,7,Berlin,76,1253,0,13,02:05:10,7510,20.133155792276963,24/09/2023,178,61,,45000,178,61,,45000,2024,330000,436,438,Aout,88,Summer
2023,Tadesse ABRAHAM,M,42,02:05:10,7510,7603,-0.01,20.133155792276963,24/09/2023,SUI,11,Berlin,76,1253,0,13,02:05:10,7510,20.133155792276963,24/09/2023,178,61,,45000,178,61,,45000,2024,330000,436,438,Aout,88,Summer
2020,Richard RINGER,M,35,02:10:59,7859,,,19.239088942613563,06/12/2020,GER,36,Valencia,78,1251,0,40,02:07:05,7625,19.829508196721314,03/12/2023,182,63,,18700,182,63,,18700,2024,330000,436,438,Aout,88,Summer
2023,Richard RINGER,M,35,02:07:05,7625,7688,-0.01,19.829508196721314,03/12/2023,GER,19,Valencia,78,1251,0,40,02:07:05,7625,19.829508196721314,03/12/2023,182,63,,18700,182,63,,18700,2024,330000,436,438,Aout,88,Summer
2023,Cameron LEVINS,M,35,02:05:36,7536,7629,-0.01,20.063694267515924,05/03/2023,CAN,5,Tokyo,84,1246,1,17,02:05:36,7536,20.063694267515924,05/03/2023,178,65,,15500,178,65,,15500,2024,330000,436,438,Aout,88,Summer
2022,Ichitaka YAMASHITA,M,27,02:07:42,7662,7690,0.0,19.733750978856694,27/02/2022,JPN,2,Osaka,85,1246,0,21,02:05:51,7551,20.0238379022646,05/03/2023,172,55,,1700,172,55,,1700,2024,330000,436,438,Aout,88,Summer
2023,Ichitaka YAMASHITA,M,27,02:05:51,7551,7662,-0.01,20.0238379022646,05/03/2023,JPN,7,Tokyo,85,1246,0,21,02:05:51,7551,20.0238379022646,05/03/2023,172,55,,1700,172,55,,1700,2024,330000,436,438,Aout,88,Summer
2023,Ichitaka YAMASHITA,M,27,02:14:11,8051,7879,0.02,18.780275742143832,15/10/2023,JPN,32,Tokyo,85,1246,0,21,02:05:51,7551,20.0238379022646,05/03/2023,172,55,,1700,172,55,,1700,2024,330000,436,438,Aout,88,Summer
2019,Suguru OSAKO,M,33,02:11:41,7901,7550,0.05,19.136818124288066,15/09/2019,JPN,3,Tokyo,90,1244,0,30,02:06:13,7573,19.96566750297108,05/03/2023,170,52,,289000,170,52,,289000,2024,330000,436,438,Aout,88,Summer
2020,Suguru OSAKO,M,33,02:05:29,7529,8250,-0.09,20.082348253420108,01/03/2020,JPN,4,Tokyo,90,1244,0,30,02:06:13,7573,19.96566750297108,05/03/2023,170,52,,289000,170,52,,289000,2024,330000,436,438,Aout,88,Summer
2023,Suguru OSAKO,M,33,02:06:13,7573,7891,-0.04,19.96566750297108,05/03/2023,JPN,9,Tokyo,90,1244,0,30,02:06:13,7573,19.96566750297108,05/03/2023,170,52,,289000,170,52,,289000,2024,330000,436,438,Aout,88,Summer
2023,Suguru OSAKO,M,33,02:09:11,7751,7573,0.02,19.507160366404335,15/10/2023,JPN,3,Tokyo,90,1244,0,30,02:06:13,7573,19.96566750297108,05/03/2023,170,52,,289000,170,52,,289000,2024,330000,436,438,Aout,88,Summer
2017,Stephen MOKOKA,M,39,02:16:53,8213,7818,0.05,18.409838061609644,26/02/2017,RSA,36,Tokyo,100,1238,0,34,02:06:42,7602,19.889502762430936,26/02/2023,156,50,,,156,50,,,2024,330000,436,438,Aout,88,Summer
2023,Stephen MOKOKA,M,39,02:06:42,7602,7798,-0.03,19.889502762430936,26/02/2023,RSA,5,Osaka,100,1238,0,34,02:06:42,7602,19.889502762430936,26/02/2023,156,50,,,156,50,,,2024,330000,436,438,Aout,88,Summer
2021,Goitom KIFLE,M,31,02:05:28,7528,8002,-0.06,20.085015940488841,05/12/2021,ERI,6,Valencia,102,1237,0,29,02:06:09,7569,19.976218787158146,04/12/2022,178,60,,,178,60,,,2024,330000,436,438,Aout,88,Summer
2022,Goitom KIFLE,M,31,02:06:09,7569,7870,-0.04,19.976218787158146,04/12/2022,ERI,10,Valencia,102,1237,0,29,02:06:09,7569,19.976218787158146,04/12/2022,178,60,,,178,60,,,2024,330000,436,438,Aout,88,Summer
2023,Goitom KIFLE,M,31,02:08:22,7702,8488,-0.09,19.631264606595689,03/12/2023,ERI,29,Valencia,102,1237,0,29,02:06:09,7569,19.976218787158146,04/12/2022,178,60,,,178,60,,,2024,330000,436,438,Aout,88,Summer
2015,Koen NAERT,M,35,02:10:31,7831,8019,-0.02,19.307878942663773,27/09/2015,BEL,7,Berlin,105,1237,0,38,02:06:56,7616,19.852941176470591,16/04/2023,182,66,,28100,182,66,,28100,2024,330000,436,438,Aout,88,Summer
2021,Koen NAERT,M,35,02:08:41,7721,7933,-0.03,19.582955575702631,05/12/2021,BEL,18,Valencia,105,1237,0,38,02:06:56,7616,19.852941176470591,16/04/2023,182,66,,28100,182,66,,28100,2024,330000,436,438,Aout,88,Summer
2019,Brett ROBINSON,M,33,02:10:55,7855,,,19.2488860598345,28/04/2019,AUS,11,London,114,1231,0,49,02:07:31,7651,19.762122598353155,04/12/2022,176,60,,23400,176,60,,23400,2024,330000,436,438,Aout,88,Summer
2022,Brett ROBINSON,M,33,02:09:52,7792,8073,-0.03,19.404517453798768,02/10/2022,AUS,8,London,114,1231,0,49,02:07:31,7651,19.762122598353155,04/12/2022,176,60,,23400,176,60,,23400,2024,330000,436,438,Aout,88,Summer
2023,Brett ROBINSON,M,33,02:10:19,7819,7651,0.02,19.337511190689348,23/04/2023,AUS,7,London,114,1231,0,49,02:07:31,7651,19.762122598353155,04/12/2022,176,60,,23400,176,60,,23400,2024,330000,436,438,Aout,88,Summer
2023,Mohcin OUTALHA,M,26,02:34:29,9269,7609,0.22,16.312439313841839,02/04/2023,MAR,157,Paris,115,1230,0,37,02:06:49,7609,19.871205151793927,20/01/2023,,,,,,,,,2024,330000,436,438,Aout,88,Summer
2022,Tariku NOVALES,M,26,02:07:18,7638,8527,-0.1,19.795758051846033,04/12/2022,ESP,16,Valencia,116,1230,0,20,02:05:48,7548,20.031796502384736,03/12/2023,178,59,,15300,178,59,,15300,2024,330000,436,438,Aout,88,Summer
2023,Tariku NOVALES,M,26,02:05:48,7548,7959,-0.05,20.031796502384736,03/12/2023,ESP,11,Valencia,116,1230,0,20,02:05:48,7548,20.031796502384736,03/12/2023,178,59,,15300,178,59,,15300,2024,330000,436,438,Aout,88,Summer
2014,Nicolas NAVARRO,M,33,02:32:58,9178,8922,0.03,16.474177380692961,06/04/2014,FRA,35,Paris,124,1227,0,24,02:05:53,7553,20.018535681186286,03/12/2023,170,54,,25000,170,54,,25000,2024,330000,436,438,Aout,88,Summer
2017,Nicolas NAVARRO,M,33,02:20:11,8411,9178,-0.08,17.976459398406845,09/04/2017,FRA,22,Paris,124,1227,0,24,02:05:53,7553,20.018535681186286,03/12/2023,170,54,,25000,170,54,,25000,2024,330000,436,438,Aout,88,Summer
2017,Nicolas NAVARRO,M,33,02:17:56,8276,8411,-0.02,18.269695505074914,19/11/2017,FRA,20,Valencia,124,1227,0,24,02:05:53,7553,20.018535681186286,03/12/2023,170,54,,25000,170,54,,25000,2024,330000,436,438,Aout,88,Summer
2018,Nicolas NAVARRO,M,33,02:15:14,8114,8276,-0.02,18.634458959822528,08/04/2018,FRA,18,Paris,124,1227,0,24,02:05:53,7553,20.018535681186286,03/12/2023,170,54,,25000,170,54,,25000,2024,330000,436,438,Aout,88,Summer
2018,Nicolas NAVARRO,M,33,02:12:39,7959,8114,-0.02,18.997361477572557,02/12/2018,FRA,16,Valencia,124,1227,0,24,02:05:53,7553,20.018535681186286,03/12/2023,170,54,,25000,170,54,,25000,2024,330000,436,438,Aout,88,Summer
2019,Nicolas NAVARRO,M,33,02:11:53,7913,7959,-0.01,19.107797295589538,14/04/2019,FRA,10,Paris,124,1227,0,24,02:05:53,7553,20.018535681186286,03/12/2023,170,54,,25000,170,54,,25000,2024,330000,436,438,Aout,88,Summer
2019,Nicolas NAVARRO,M,33,02:10:01,7801,7913,-0.01,19.382130496090245,01/12/2019,FRA,14,Valencia,124,1227,0,24,02:05:53,7553,20.018535681186286,03/12/2023,170,54,,25000,170,54,,25000,2024,330000,436,438,Aout,88,Summer
2020,Nicolas NAVARRO,M,33,02:09:17,7757,7801,-0.01,19.49207167719479,06/12/2020,FRA,23,Valencia,124,1227,0,24,02:05:53,7553,20.018535681186286,03/12/2023,170,54,,25000,170,54,,25000,2024,330000,436,438,Aout,88,Summer
2022,Nicolas NAVARRO,M,33,02:08:30,7710,7970,-0.03,19.610894941634243,20/02/2022,FRA,13,Sevilla,124,1227,0,24,02:05:53,7553,20.018535681186286,03/12/2023,170,54,,25000,170,54,,25000,2024,330000,436,438,Aout,88,Summer
2022,Nicolas NAVARRO,M,33,02:07:01,7621,7841,-0.03,19.839916021519485,04/12/2022,FRA,13,Valencia,124,1227,0,24,02:05:53,7553,20.018535681186286,03/12/2023,170,54,,25000,170,54,,25000,2024,330000,436,438,Aout,88,Summer
2023,Nicolas NAVARRO,M,33,02:06:45,7605,7621,0.0,19.88165680473373,19/02/2023,FRA,8,Sevilla,124,1227,0,24,02:05:53,7553,20.018535681186286,03/12/2023,170,54,,25000,170,54,,25000,2024,330000,436,438,Aout,88,Summer
2023,Nicolas NAVARRO,M,33,02:05:53,7553,7605,-0.01,20.018535681186286,03/12/2023,FRA,14,Valencia,124,1227,0,24,02:05:53,7553,20.018535681186286,03/12/2023,170,54,,25000,170,54,,25000,2024,330000,436,438,Aout,88,Summer
2023,Emile CAIRESS,M,27,02:08:07,7687,,,19.669572004683232,23/04/2023,GBR,6,London,126,1226,1,65,02:08:07,7687,19.669572004683232,23/04/2023,,,,9432,,,,9432,2024,330000,436,438,Aout,88,Summer
2019,Mehdi FRÈRE,M,28,02:14:25,8065,,,18.747675139491633,01/12/2019,FRA,38,Valencia,132,1224,0,19,02:05:43,7543,20.045074903884398,03/12/2023,180,66,,19500,180,66,,19500,2024,330000,436,438,Aout,88,Summer
2020,Mehdi FRÈRE,M,28,02:08:55,7735,8065,-0.04,19.547511312217193,06/12/2020,FRA,20,Valencia,132,1224,0,19,02:05:43,7543,20.045074903884398,03/12/2023,180,66,,19500,180,66,,19500,2024,330000,436,438,Aout,88,Summer
2022,Mehdi FRÈRE,M,28,02:09:18,7758,7735,0.0,19.48955916473318,04/12/2022,FRA,23,Valencia,132,1224,0,19,02:05:43,7543,20.045074903884398,03/12/2023,180,66,,19500,180,66,,19500,2024,330000,436,438,Aout,88,Summer
2023,Mehdi FRÈRE,M,28,02:11:04,7864,7758,0.01,19.226856561546288,02/04/2023,FRA,10,Paris,132,1224,0,19,02:05:43,7543,20.045074903884398,03/12/2023,180,66,,19500,180,66,,19500,2024,330000,436,438,Aout,88,Summer
2023,Mehdi FRÈRE,M,28,02:05:43,7543,7919,-0.05,20.045074903884398,03/12/2023,FRA,9,Valencia,132,1224,0,19,02:05:43,7543,20.045074903884398,03/12/2023,180,66,,19500,180,66,,19500,2024,330000,436,438,Aout,88,Summer
2022,Hector GARIBAY FLORES,M,36,02:09:08,7748,7918,-0.02,19.514713474445021,20/02/2022,BOL,15,Sevilla,133,1224,0,56,02:07:44,7664,19.7286012526096,19/02/2023,160,50,,5900,160,50,,5900,2024,330000,436,438,Aout,88,Summer
2023,Hector GARIBAY FLORES,M,36,02:07:44,7664,7850,-0.02,19.7286012526096,19/02/2023,BOL,13,Sevilla,133,1224,0,56,02:07:44,7664,19.7286012526096,19/02/2023,160,50,,5900,160,50,,5900,2024,330000,436,438,Aout,88,Summer
2022,Jie HE,M,26,02:11:18,7878,7980,-0.01,19.192688499619191,25/09/2022,CHN,16,Berlin,139,1221,0,48,02:07:30,7650,19.764705882352942,19/03/2023,,,,,,,,,2024,330000,436,438,Aout,88,Summer
2023,Khalid CHOUKOUD,M,38,02:07:37,7657,7716,-0.01,19.746637064124332,03/12/2023,NED,23,Valencia,141,1220,0,52,02:07:37,7657,19.746637064124332,03/12/2023,176,62,,36200,176,62,,36200,2024,330000,436,438,Aout,88,Summer
2019,Sondre Nordstad MOEN,M,33,02:06:16,7576,7548,0.0,19.957761351636748,01/12/2019,NOR,7,Valencia,147,1217,1,47,02:07:16,7636,19.800942902042955,03/12/2023,178,62,,27100,178,62,,27100,2024,330000,436,438,Aout,88,Summer
2020,Sondre Nordstad MOEN,M,33,02:09:01,7741,7576,0.02,19.532360160186023,04/10/2020,NOR,9,London,147,1217,1,47,02:07:16,7636,19.800942902042955,03/12/2023,178,62,,27100,178,62,,27100,2024,330000,436,438,Aout,88,Summer
2022,Sondre Nordstad MOEN,M,33,02:10:48,7848,8279,-0.05,19.266055045871557,20/02/2022,NOR,23,Sevilla,147,1217,1,47,02:07:16,7636,19.800942902042955,03/12/2023,178,62,,27100,178,62,,27100,2024,330000,436,438,Aout,88,Summer
2022,Isaac MPOFU,M,36,02:06:48,7608,7676,-0.01,19.873817034700316,04/12/2022,ZIM,12,Valencia,149,1217,0,36,02:06:48,7608,19.873817034700316,04/12/2022,,,,,,,,,2024,330000,436,438,Aout,88,Summer
2023,Isaac MPOFU,M,36,02:07:39,7659,7893,-0.03,19.74148061104583,03/12/2023,ZIM,24,Valencia,149,1217,0,36,02:06:48,7608,19.873817034700316,04/12/2022,,,,,,,,,2024,330000,436,438,Aout,88,Summer
2018,Okubay TSEGAY,M,38,02:09:56,7796,7961,-0.02,19.394561313494098,16/09/2018,ERI,7,Berlin,150,1216,0,15,02:05:20,7520,20.106382978723403,24/09/2023,,,,,,,,,2024,330000,436,438,Aout,88,Summer
2019,Okubay TSEGAY,M,38,02:06:46,7606,7796,-0.02,19.87904286089929,17/02/2019,ERI,4,Sevilla,150,1216,0,15,02:05:20,7520,20.106382978723403,24/09/2023,,,,,,,,,2024,330000,436,438,Aout,88,Summer
2020,Okubay TSEGAY,M,38,02:09:26,7766,7606,0.02,19.469482359000772,06/12/2020,ERI,25,Valencia,150,1216,0,15,02:05:20,7520,20.106382978723403,24/09/2023,,,,,,,,,2024,330000,436,438,Aout,88,Summer
2021,Okubay TSEGAY,M,38,02:10:37,7837,7822,0.0,19.293096848283781,26/09/2021,ERI,7,Berlin,150,1216,0,15,02:05:20,7520,20.106382978723403,24/09/2023,,,,,,,,,2024,330000,436,438,Aout,88,Summer
2023,Okubay TSEGAY,M,38,02:05:20,7520,7909,-0.05,20.106382978723403,24/09/2023,ERI,12,Berlin,150,1216,0,15,02:05:20,7520,20.106382978723403,24/09/2023,,,,,,,,,2024,330000,436,438,Aout,88,Summer
2024,Okubay TSEGAY,M,38,02:19:29,8369,7520,0.11,18.066674632572589,18/02/2024,ERI,97,Sevilla,150,1216,0,15,02:05:20,7520,20.106382978723403,24/09/2023,,,,,,,,,2024,330000,436,438,Aout,88,Summer
2024,Yemaneberhan CRIPPA,M,28,02:06:06,7566,7737,-0.02,19.984139571768438,18/02/2024,ITA,4,Sevilla,152,1215,0,28,02:06:06,7566,19.984139571768438,18/02/2024,174,53,,85000,174,53,,85000,2024,330000,436,438,Aout,88,Summer
2018,Girmaw AMARE,M,37,02:12:37,7957,8131,-0.02,19.002136483599347,02/12/2018,ISR,15,Valencia,155,1214,0,23,02:05:52,7552,20.021186440677965,03/12/2023,172,60,,1200,172,60,,1200,2024,330000,436,438,Aout,88,Summer
2020,Girmaw AMARE,M,37,02:07:28,7648,7794,-0.02,19.76987447698745,23/02/2020,ISR,11,Sevilla,155,1214,0,23,02:05:52,7552,20.021186440677965,03/12/2023,172,60,,1200,172,60,,1200,2024,330000,436,438,Aout,88,Summer
2022,Girmaw AMARE,M,37,02:07:35,7655,8177,-0.06,19.751796211626385,20/02/2022,ISR,9,Sevilla,155,1214,0,23,02:05:52,7552,20.021186440677965,03/12/2023,172,60,,1200,172,60,,1200,2024,330000,436,438,Aout,88,Summer
2023,Girmaw AMARE,M,37,02:07:40,7660,7892,-0.03,19.738903394255875,19/02/2023,ISR,12,Sevilla,155,1214,0,23,02:05:52,7552,20.021186440677965,03/12/2023,172,60,,1200,172,60,,1200,2024,330000,436,438,Aout,88,Summer
2023,Girmaw AMARE,M,37,02:05:52,7552,7660,-0.01,20.021186440677965,03/12/2023,ISR,13,Valencia,155,1214,0,23,02:05:52,7552,20.021186440677965,03/12/2023,172,60,,1200,172,60,,1200,2024,330000,436,438,Aout,88,Summer
2019,Haimro ALAME,M,34,02:11:03,7863,8116,-0.03,19.2293017932087,01/12/2019,ISR,23,Valencia,167,1210,0,27,02:06:04,7564,19.989423585404548,03/12/2023,175,55,,1375,175,55,,1375,2024,330000,436,438,Aout,88,Summer
2020,Haimro ALAME,M,34,02:07:45,7665,7863,-0.03,19.726027397260271,23/02/2020,ISR,13,Sevilla,167,1210,0,27,02:06:04,7564,19.989423585404548,03/12/2023,175,55,,1375,175,55,,1375,2024,330000,436,438,Aout,88,Summer
2022,Haimro ALAME,M,34,02:08:15,7695,8237,-0.07,19.649122807017541,20/02/2022,ISR,10,Sevilla,167,1210,0,27,02:06:04,7564,19.989423585404548,03/12/2023,175,55,,1375,175,55,,1375,2024,330000,436,438,Aout,88,Summer
2023,Haimro ALAME,M,34,02:07:55,7675,8225,-0.07,19.700325732899021,19/02/2023,ISR,15,Sevilla,167,1210,0,27,02:06:04,7564,19.989423585404548,03/12/2023,175,55,,1375,175,55,,1375,2024,330000,436,438,Aout,88,Summer
2023,Haimro ALAME,M,34,02:06:04,7564,7952,-0.05,19.989423585404548,03/12/2023,ISR,15,Valencia,167,1210,0,27,02:06:04,7564,19.989423585404548,03/12/2023,175,55,,1375,175,55,,1375,2024,330000,436,438,Aout,88,Summer
2020,Eyob GHEBREHIWET FANIEL,M,32,02:07:19,7639,8037,-0.05,19.793166644848803,23/02/2020,ITA,7,Sevilla,173,1209,0,43,02:07:09,7629,19.819111285882816,18/02/2024,174,53,,9076,174,53,,9076,2024,330000,436,438,Aout,88,Summer
2023,Eyob GHEBREHIWET FANIEL,M,32,02:07:53,7673,7792,-0.02,19.705460706372996,26/02/2023,ITA,14,Osaka,173,1209,0,43,02:07:09,7629,19.819111285882816,18/02/2024,174,53,,9076,174,53,,9076,2024,330000,436,438,Aout,88,Summer
2024,Eyob GHEBREHIWET FANIEL,M,32,02:07:09,7629,7673,-0.01,19.819111285882816,18/02/2024,ITA,7,Sevilla,173,1209,0,43,02:07:09,7629,19.819111285882816,18/02/2024,174,53,,9076,174,53,,9076,2024,330000,436,438,Aout,88,Summer
2020,Oqbe Kibrom RUESOM,M,26,02:05:53,7553,7783,-0.03,20.018535681186286,06/12/2020,ERI,11,Valencia,175,1208,1,22,02:05:51,7551,20.0238379022646,19/03/2023,,,,,,,,,2024,330000,436,438,Aout,88,Summer
2023,Christian PACHECO,M,31,02:07:38,7658,7748,-0.01,19.744058500914079,19/02/2023,PER,11,Sevilla,183,1205,0,53,02:07:38,7658,19.744058500914079,19/02/2023,180,62,,35000,180,62,,35000,2024,330000,436,438,Aout,88,Summer
2023,Samuel FITWI SIBHATU,M,28,02:12:14,7934,,,19.057222082177969,19/02/2023,GER,41,Sevilla,185,1204,0,32,02:06:27,7587,19.9288256227758,07/01/2024,,,,3665,,,,3665,2024,330000,436,438,Aout,88,Summer
2023,Samuel FITWI SIBHATU,M,28,02:08:28,7708,7934,-0.03,19.615983393876494,24/09/2023,GER,18,Berlin,185,1204,0,32,02:06:27,7587,19.9288256227758,07/01/2024,,,,3665,,,,3665,2024,330000,436,438,Aout,88,Summer
2021,Philip SESEMANN,M,32,02:12:58,7978,,,18.952118325394835,03/10/2021,GBR,7,London,197,1200,0,62,02:08:04,7684,19.677251431546068,18/02/2024,,,,30900,,,,30900,2024,330000,436,438,Aout,88,Summer
2022,Philip SESEMANN,M,32,02:12:10,7930,8117,-0.02,19.06683480453972,02/10/2022,GBR,10,London,197,1200,0,62,02:08:04,7684,19.677251431546068,18/02/2024,,,,30900,,,,30900,2024,330000,436,438,Aout,88,Summer
2023,Philip SESEMANN,M,32,02:10:23,7823,7930,-0.01,19.327623673782437,23/04/2023,GBR,8,London,197,1200,0,62,02:08:04,7684,19.677251431546068,18/02/2024,,,,30900,,,,30900,2024,330000,436,438,Aout,88,Summer
2023,Philip SESEMANN,M,32,02:08:49,7729,7823,-0.01,19.562685987838012,03/12/2023,GBR,36,Valencia,197,1200,0,62,02:08:04,7684,19.677251431546068,18/02/2024,,,,30900,,,,30900,2024,330000,436,438,Aout,88,Summer
2024,Philip SESEMANN,M,32,02:08:04,7684,7729,-0.01,19.677251431546068,18/02/2024,GBR,16,Sevilla,197,1200,0,62,02:08:04,7684,19.677251431546068,18/02/2024,,,,30900,,,,30900,2024,330000,436,438,Aout,88,Summer
2019,Samuel BARATA,M,31,02:24:15,8655,,,17.469670710571922,03/03/2019,POR,85,Tokyo,199,1200,1,50,02:07:35,7655,19.751796211626385,03/12/2023,175,28,,8379,175,28,,8379,2024,330000,436,438,Aout,88,Summer
2023,Samuel BARATA,M,31,02:07:35,7655,7813,-0.02,19.751796211626385,03/12/2023,POR,21,Valencia,199,1200,1,50,02:07:35,7655,19.751796211626385,03/12/2023,175,28,,8379,175,28,,8379,2024,330000,436,438,Aout,88,Summer
2013,Ayad LAMDASSEM,M,43,02:09:28,7768,8079,-0.04,19.46446961894954,21/04/2013,ESP,9,London,200,1200,0,54,02:07:39,7659,19.74148061104583,04/12/2022,170,52,,40200,170,52,,40200,2024,330000,436,438,Aout,88,Summer
2017,Ayad LAMDASSEM,M,43,02:12:30,7950,7951,0.0,19.0188679245283,23/04/2017,ESP,11,London,200,1200,0,54,02:07:39,7659,19.74148061104583,04/12/2022,170,52,,40200,170,52,,40200,2024,330000,436,438,Aout,88,Summer
2019,Ayad LAMDASSEM,M,43,02:10:52,7852,7950,-0.01,19.256240448293429,01/12/2019,ESP,21,Valencia,200,1200,0,54,02:07:39,7659,19.74148061104583,04/12/2022,170,52,,40200,170,52,,40200,2024,330000,436,438,Aout,88,Summer
2020,Ayad LAMDASSEM,M,43,02:06:35,7595,7852,-0.03,19.907834101382491,06/12/2020,ESP,12,Valencia,200,1200,0,54,02:07:39,7659,19.74148061104583,04/12/2022,170,52,,40200,170,52,,40200,2024,330000,436,438,Aout,88,Summer
2022,Ayad LAMDASSEM,M,43,02:06:25,7585,7816,-0.03,19.9340804218853,20/02/2022,ESP,6,Sevilla,200,1200,0,54,02:07:39,7659,19.74148061104583,04/12/2022,170,52,,40200,170,52,,40200,2024,330000,436,438,Aout,88,Summer
2022,Ayad LAMDASSEM,M,43,02:07:39,7659,7852,-0.02,19.74148061104583,04/12/2022,ESP,17,Valencia,200,1200,0,54,02:07:39,7659,19.74148061104583,04/12/2022,170,52,,40200,170,52,,40200,2024,330000,436,438,Aout,88,Summer
2023,Ayad LAMDASSEM,M,43,02:08:32,7712,7659,0.01,19.605809128630707,26/02/2023,ESP,26,Osaka,200,1200,0,54,02:07:39,7659,19.74148061104583,04/12/2022,170,52,,40200,170,52,,40200,2024,330000,436,438,Aout,88,Summer
2024,Ayad LAMDASSEM,M,43,02:09:43,7783,7979,-0.02,19.426956186560453,18/02/2024,ESP,40,Sevilla,200,1200,0,54,02:07:39,7659,19.74148061104583,04/12/2022,170,52,,40200,170,52,,40200,2024,330000,436,438,Aout,88,Summer
2022,Hugo CATRILEO,M,27,02:15:24,8124,,,18.611521418020679,20/02/2022,CHI,60,Sevilla,206,1198,0,68,,,,,,,,,,,,,2024,330000,436,438,Aout,88,Summer
2023,Hugo CATRILEO,M,27,02:12:17,7937,8027,-0.01,19.050018898828274,19/02/2023,CHI,42,Sevilla,206,1198,0,68,,,,,,,,,,,,,2024,330000,436,438,Aout,88,Summer
2022,Zerei Kbrom MEZNGI,M,38,02:07:10,7630,,,19.816513761467888,04/12/2022,NOR,14,Valencia,208,1197,1,44,02:07:10,7630,19.816513761467888,04/12/2022,,,,3331,,,,3331,2024,330000,436,438,Aout,88,Summer
2021,Daniel DO NASCIMENTO,M,26,02:06:11,7571,7745,-0.02,19.97094175141989,05/12/2021,BRA,9,Valencia,212,1195,0,41,02:07:06,7626,19.826907946498821,23/04/2023,165,55,,89600,165,55,,89600,2024,330000,436,438,Aout,88,Summer
2023,Daniel DO NASCIMENTO,M,26,02:08:40,7720,7626,0.01,19.585492227979277,03/12/2023,BRA,33,Valencia,212,1195,0,41,02:07:06,7626,19.826907946498821,23/04/2023,165,55,,89600,165,55,,89600,2024,330000,436,438,Aout,88,Summer
2017,Liam ADAMS,M,38,02:12:52,7972,8172,-0.02,18.966382338183642,24/09/2017,AUS,9,Berlin,219,1192,0,69,,,,,,,,,,,,,2024,330000,436,438,Aout,88,Summer
2023,Liam ADAMS,M,38,02:11:47,7907,7719,0.02,19.122296699127354,24/09/2023,AUS,28,Berlin,219,1192,0,69,,,,,,,,,,,,,2024,330000,436,438,Aout,88,Summer
2024,Xiangdong WU,M,30,02:08:04,7684,7802,-0.02,19.677251431546068,25/02/2024,CHN,10,Osaka,241,1186,0,64,02:08:04,7684,19.677251431546068,25/02/2024,,,,,,,,,2024,330000,436,438,Aout,88,Summer
2023,Leonard KORIR,M,38,02:09:31,7771,8249,-0.06,19.456955346802214,02/04/2023,USA,7,Paris,242,1186,0,70,,,,,,,,,,,,,2024,330000,436,438,Aout,88,Summer
2012,Samuel Tsegay TESFAMARIAM,M,36,02:08:06,7686,7648,0.0,19.672131147540984,22/04/2012,ERI,8,London,244,1185,0,71,,,,,,,,,,,,,2024,330000,436,438,Aout,88,Summer
2014,Samuel Tsegay TESFAMARIAM,M,36,02:19:10,8350,8081,0.03,18.107784431137723,13/04/2014,ERI,18,London,244,1185,0,71,,,,,,,,,,,,,2024,330000,436,438,Aout,88,Summer
2017,Samuel Tsegay TESFAMARIAM,M,36,02:07:34,7654,8350,-0.08,19.7543767964463,19/11/2017,ERI,6,Valencia,244,1185,0,71,,,,,,,,,,,,,2024,330000,436,438,Aout,88,Summer
2018,Samuel Tsegay TESFAMARIAM,M,36,02:08:20,7700,7654,0.01,19.636363636363637,02/12/2018,ERI,11,Valencia,244,1185,0,71,,,,,,,,,,,,,2024,330000,436,438,Aout,88,Summer
2021,Samuel Tsegay TESFAMARIAM,M,36,02:07:08,7628,7954,-0.04,19.821709491347669,05/12/2021,ERI,14,Valencia,244,1185,0,71,,,,,,,,,,,,,2024,330000,436,438,Aout,88,Summer
2023,Samuel Tsegay TESFAMARIAM,M,36,02:09:47,7787,7628,0.02,19.416977012970335,02/04/2023,SWE,9,Paris,244,1185,0,71,,,,,,,,,,,,,2024,330000,436,438,Aout,88,Summer
2022,Abdi Ali GELELCHU,M,27,02:07:15,7635,7736,-0.01,19.803536345776035,20/02/2022,BRN,8,Sevilla,252,1183,0,72,,,,,,,,,,,,,2024,330000,436,438,Aout,88,Summer
2024,Abdi Ali GELELCHU,M,27,02:08:22,7702,9074,-0.15,19.631264606595689,18/02/2024,BRN,19,Sevilla,252,1183,0,72,,,,,,,,,,,,,2024,330000,436,438,Aout,88,Summer
2023,Michael SOMERS,M,29,02:09:31,7771,,,19.456955346802214,19/02/2023,BEL,22,Sevilla,254,1181,0,66,02:08:09,7689,19.664455715957864,24/09/2023,,,,4221,,,,4221,2024,330000,436,438,Aout,88,Summer
2023,Michael SOMERS,M,29,02:08:09,7689,7771,-0.01,19.664455715957864,24/09/2023,BEL,16,Berlin,254,1181,0,66,02:08:09,7689,19.664455715957864,24/09/2023,,,,4221,,,,4221,2024,330000,436,438,Aout,88,Summer
2024,Michael SOMERS,M,29,02:09:19,7759,7689,0.01,19.487047299909783,18/02/2024,BEL,32,Sevilla,254,1181,0,66,02:08:09,7689,19.664455715957864,24/09/2023,,,,4221,,,,4221,2024,330000,436,438,Aout,88,Summer
2022,Tachlowini GABRIYESOS,M,26,02:10:09,7809,8042,-0.03,19.362274298885904,20/02/2022,ART,21,Sevilla,274,1176,0,73,,,,,,,,,,,,,2024,330000,436,438,Aout,88,Summer
2023,Tachlowini GABRIYESOS,M,26,02:09:00,7740,7809,-0.01,19.534883720930232,19/02/2023,ART,19,Sevilla,274,1176,0,73,,,,,,,,,,,,,2024,330000,436,438,Aout,88,Summer
2024,Tachlowini GABRIYESOS,M,26,02:09:07,7747,7740,0.0,19.5172324770879,18/02/2024,ART,28,Sevilla,274,1176,0,73,,,,,,,,,,,,,2024,330000,436,438,Aout,88,Summer
2023,Alberto GONZALEZ MINDEZ,M,28,02:07:40,7660,,,19.738903394255875,03/12/2023,GUA,25,Valencia,283,1173,1,55,02:07:40,7660,19.738903394255875,03/12/2023,,,,2049,,,,2049,2024,330000,436,438,Aout,88,Summer
2024,Rory LINKLETTER,M,28,02:08:01,7681,7936,-0.03,19.684936857180055,18/02/2024,CAN,13,Sevilla,290,1172,0,61,02:08:01,7681,19.684936857180055,18/02/2024,180,63,,12300,180,63,,12300,2024,330000,436,438,Aout,88,Summer
2023,Carlos Martín DÍAZ DEL RIO,M,31,02:10:26,7826,,,19.320214669051879,19/02/2023,CHI,26,Sevilla,291,1172,0,63,02:08:04,7684,19.677251431546068,18/02/2024,174,59,,33700,174,59,,33700,2024,330000,436,438,Aout,88,Summer
2024,Carlos Martín DÍAZ DEL RIO,M,31,02:08:04,7684,7826,-0.02,19.677251431546068,18/02/2024,CHI,17,Sevilla,291,1172,0,63,02:08:04,7684,19.677251431546068,18/02/2024,174,59,,33700,174,59,,33700,2024,330000,436,438,Aout,88,Summer
2010,Ser-Od BAT-OCHIR,M,43,02:12:42,7962,8345,-0.05,18.990203466465715,26/09/2010,MGL,10,Berlin,310,1169,0,74,,,,,,,,,,,,,2024,330000,436,438,Aout,88,Summer
2011,Ser-Od BAT-OCHIR,M,43,02:11:35,7895,8089,-0.02,19.151361621279293,17/04/2011,MGL,8,London,310,1169,0,74,,,,,,,,,,,,,2024,330000,436,438,Aout,88,Summer
2012,Ser-Od BAT-OCHIR,M,43,02:11:52,7912,8410,-0.06,19.110212335692619,25/11/2012,MGL,1,Osaka,310,1169,0,74,,,,,,,,,,,,,2024,330000,436,438,Aout,88,Summer
2013,Ser-Od BAT-OCHIR,M,43,02:13:31,8011,8515,-0.06,18.874048183747345,27/10/2013,MGL,2,Osaka,310,1169,0,74,,,,,,,,,,,,,2024,330000,436,438,Aout,88,Summer
2014,Ser-Od BAT-OCHIR,M,43,02:17:21,8241,8001,0.03,18.347287950491445,26/10/2014,MGL,6,Osaka,310,1169,0,74,,,,,,,,,,,,,2024,330000,436,438,Aout,88,Summer
2015,Ser-Od BAT-OCHIR,M,43,02:15:35,8135,9129,-0.11,18.586355255070682,25/10/2015,MGL,3,Osaka,310,1169,0,74,,,,,,,,,,,,,2024,330000,436,438,Aout,88,Summer
2016,Ser-Od BAT-OCHIR,M,43,02:13:43,8023,8666,-0.07,18.845818272466655,30/10/2016,MGL,3,Osaka,310,1169,0,74,,,,,,,,,,,,,2024,330000,436,438,Aout,88,Summer
2018,Ser-Od BAT-OCHIR,M,43,02:15:17,8117,8002,0.01,18.627571762966614,25/02/2018,MGL,36,Tokyo,310,1169,0,74,,,,,,,,,,,,,2024,330000,436,438,Aout,88,Summer
2022,Ser-Od BAT-OCHIR,M,43,02:24:27,8667,8043,0.08,17.445482866043612,27/02/2022,MGL,89,Osaka,310,1169,0,74,,,,,,,,,,,,,2024,330000,436,438,Aout,88,Summer
2024,Ser-Od BAT-OCHIR,M,43,02:10:10,7810,7811,0.0,19.359795134443022,25/02/2024,MGL,26,Osaka,310,1169,0,74,,,,,,,,,,,,,2024,330000,436,438,Aout,88,Summer
2024,Elroy GELANT,M,38,02:08:56,7736,8203,-0.06,19.544984488107549,18/02/2024,RSA,26,Sevilla,341,1163,1,75,,,,,,,,,,,,,2024,330000,436,438,Aout,88,Summer
2023,Adam NOWICKI,M,34,02:09:48,7788,8121,-0.04,19.414483821263481,19/02/2023,POL,24,Sevilla,345,1163,0,76,,,,,,,,,,,,,2024,330000,436,438,Aout,88,Summer
2024,Adam NOWICKI,M,34,02:12:07,7927,7954,0.0,19.074050712753881,18/02/2024,POL,54,Sevilla,345,1163,0,76,,,,,,,,,,,,,2024,330000,436,438,Aout,88,Summer
2023,Mahamed MAHAMED,M,27,02:08:42,7722,,,19.58041958041958,03/12/2023,GBR,34,Valencia,349,1162,1,77,,,,,,,,,,,,,2024,330000,436,438,Aout,88,Summer
2023,Olonbayar JAMSRAN,M,31,02:08:58,7738,7862,-0.02,19.539932799172913,26/02/2023,MGL,29,Osaka,351,1162,0,78,,,,,,,,,,,,,2024,330000,436,438,Aout,88,Summer
2024,Mateusz KACZOR,M,27,02:09:35,7775,7958,-0.02,19.446945337620576,18/02/2024,POL,39,Sevilla,364,1159,0,79,,,,,,,,,,,,,2024,330000,436,438,Aout,88,Summer
2019,Ebba Tulu CHALA,M,28,02:13:39,8019,8101,-0.01,18.855218855218855,01/12/2019,ETH,36,Valencia,371,1158,0,80,,,,,,,,,,,,,2024,330000,436,438,Aout,88,Summer
2020,Ebba Tulu CHALA,M,28,02:11:18,7878,8019,-0.02,19.192688499619191,23/02/2020,ETH,31,Sevilla,371,1158,0,80,,,,,,,,,,,,,2024,330000,436,438,Aout,88,Summer
2022,Ebba Tulu CHALA,M,28,02:11:27,7887,8304,-0.05,19.17078737162419,20/02/2022,ETH,30,Sevilla,371,1158,0,80,,,,,,,,,,,,,2024,330000,436,438,Aout,88,Summer
2023,Ebba Tulu CHALA,M,28,02:15:38,8138,8584,-0.05,18.579503563529123,19/02/2023,SWE,58,Sevilla,371,1158,0,80,,,,,,,,,,,,,2024,330000,436,438,Aout,88,Summer
2023,Ebba Tulu CHALA,M,28,02:11:09,7869,8350,-0.06,19.214639725505144,24/09/2023,SWE,26,Berlin,371,1158,0,80,,,,,,,,,,,,,2024,330000,436,438,Aout,88,Summer
2024,Ebba Tulu CHALA,M,28,02:09:06,7746,7869,-0.02,19.519752130131678,18/02/2024,SWE,27,Sevilla,371,1158,0,80,,,,,,,,,,,,,2024,330000,436,438,Aout,88,Summer
2023,Dario IVANOVSKI,M,27,02:11:53,7913,8348,-0.05,19.107797295589538,03/12/2023,MKD,50,Valencia,375,1157,0,81,,,,,,,,,,,,,2024,330000,436,438,Aout,88,Summer
2024,Dario IVANOVSKI,M,27,02:08:26,7706,7913,-0.03,19.621074487412404,18/02/2024,MKD,20,Sevilla,375,1157,0,81,,,,,,,,,,,,,2024,330000,436,438,Aout,88,Summer
2022,Byambajav TSEVEENRAVDAN,M,34,02:19:55,8395,8084,0.04,18.01072066706373,25/09/2022,MGL,48,Berlin,376,1157,0,82,,,,,,,,,,,,,2024,330000,436,438,Aout,88,Summer
2023,Byambajav TSEVEENRAVDAN,M,34,02:12:41,7961,9028,-0.12,18.992588870744878,24/09/2023,MGL,33,Berlin,376,1157,0,82,,,,,,,,,,,,,2024,330000,436,438,Aout,88,Summer
2024,Byambajav TSEVEENRAVDAN,M,34,02:09:19,7759,7961,-0.03,19.487047299909783,18/02/2024,MGL,31,Sevilla,376,1157,0,82,,,,,,,,,,,,,2024,330000,436,438,Aout,88,Summer
2024,Suldan HASSAN,M,26,02:07:36,7656,,,19.749216300940439,18/02/2024,SWE,9,Sevilla,381,1155,1,51,02:07:36,7656,19.749216300940439,18/02/2024,170,56,,5814,170,56,,5814,2024,330000,436,438,Aout,88,Summer
2023,Maxim RĂILEANU,M,30,02:11:12,7872,8461,-0.07,19.207317073170731,19/02/2023,MDA,34,Sevilla,388,1155,0,83,,,,,,,,,,,,,2024,330000,436,438,Aout,88,Summer
2024,Maxim RĂILEANU,M,30,02:09:22,7762,8566,-0.09,19.479515588765782,18/02/2024,MDA,34,Sevilla,388,1155,0,83,,,,,,,,,,,,,2024,330000,436,438,Aout,88,Summer
2020,Paulo Roberto PAULA,M,45,02:10:08,7808,8109,-0.04,19.364754098360653,23/02/2020,BRA,24,Sevilla,400,1153,0,84,,,,,,,,,,,,,2024,330000,436,438,Aout,88,Summer
2022,Paulo Roberto PAULA,M,45,02:09:51,7791,8768,-0.11,19.40700808625337,20/02/2022,BRA,19,Sevilla,400,1153,0,84,,,,,,,,,,,,,2024,330000,436,438,Aout,88,Summer
2022,Paulo Roberto PAULA,M,45,02:10:20,7820,8019,-0.02,19.335038363171357,04/12/2022,BRA,26,Valencia,400,1153,0,84,,,,,,,,,,,,,2024,330000,436,438,Aout,88,Summer
2023,Paulo Roberto PAULA,M,45,02:10:28,7828,7820,0.0,19.315278487480835,19/02/2023,BRA,27,Sevilla,400,1153,0,84,,,,,,,,,,,,,2024,330000,436,438,Aout,88,Summer
2015,Segundo JAMI,M,38,02:17:11,8231,,,18.36957842303487,22/02/2015,ECU,8,Sevilla,406,1151,0,85,,,,,,,,,,,,,2024,330000,436,438,Aout,88,Summer
2018,Segundo JAMI,M,38,02:14:35,8075,8668,-0.07,18.724458204334368,02/12/2018,ECU,22,Valencia,406,1151,0,85,,,,,,,,,,,,,2024,330000,436,438,Aout,88,Summer
2019,Segundo JAMI,M,38,02:12:17,7937,8054,-0.01,19.050018898828274,01/12/2019,ECU,31,Valencia,406,1151,0,85,,,,,,,,,,,,,2024,330000,436,438,Aout,88,Summer
2020,Segundo JAMI,M,38,02:11:48,7908,7937,0.0,19.11987860394537,06/12/2020,ECU,46,Valencia,406,1151,0,85,,,,,,,,,,,,,2024,330000,436,438,Aout,88,Summer
2021,Segundo JAMI,M,38,02:15:14,8114,7908,0.03,18.634458959822528,05/12/2021,ECU,44,Valencia,406,1151,0,85,,,,,,,,,,,,,2024,330000,436,438,Aout,88,Summer
2023,Segundo JAMI,M,38,02:11:58,7918,8114,-0.02,19.095731245263956,19/02/2023,ECU,39,Sevilla,406,1151,0,85,,,,,,,,,,,,,2024,330000,436,438,Aout,88,Summer
2023,Segundo JAMI,M,38,02:09:05,7745,8209,-0.06,19.522272433828274,03/12/2023,ECU,38,Valencia,406,1151,0,85,,,,,,,,,,,,,2024,330000,436,438,Aout,88,Summer
2020,Yago ROJO,M,29,02:09:56,7796,,,19.394561313494098,06/12/2020,ESP,29,Valencia,429,1146,1,59,02:07:47,7667,19.720881700795619,03/12/2023,,,,18200,,,,18200,2024,330000,436,438,Aout,88,Summer
2021,Yago ROJO,M,29,02:08:56,7736,7796,-0.01,19.544984488107549,05/12/2021,ESP,20,Valencia,429,1146,1,59,02:07:47,7667,19.720881700795619,03/12/2023,,,,18200,,,,18200,2024,330000,436,438,Aout,88,Summer
2023,Yago ROJO,M,29,02:07:47,7667,8081,-0.05,19.720881700795619,03/12/2023,ESP,28,Valencia,429,1146,1,59,02:07:47,7667,19.720881700795619,03/12/2023,,,,18200,,,,18200,2024,330000,436,438,Aout,88,Summer
2023,Luis Fernando OSTOS CRUZ,M,32,02:14:10,8050,8065,0.0,18.782608695652172,19/02/2023,PER,50,Sevilla,430,1146,0,86,,,,,,,,,,,,,2024,330000,436,438,Aout,88,Summer
2021,Ben PREISNER,M,28,02:15:30,8130,8367,-0.03,18.597785977859779,05/12/2021,CAN,45,Valencia,453,1141,1,87,,,,,,,,,,,,,2024,330000,436,438,Aout,88,Summer
2023,Shokhrukh DAVLYATOV,M,28,02:07:02,7622,8269,-0.08,19.837313041196534,03/12/2023,UZB,18,Valencia,504,1129,1,39,02:07:02,7622,19.837313041196534,03/12/2023,,,,,,,,,2024,330000,436,438,Aout,88,Summer
2022,Tigst ASSEFA,F,28,02:15:37,8137,9241,-0.12,18.581786899348657,25/09/2022,ETH,1,Berlin,1,1488,0,1,02:11:53,7913,19.107797295589538,24/09/2023,168,53,,33500,168,53,,33500,2024,330000,436,438,Aout,88,Summer
2023,Tigst ASSEFA,F,28,02:11:53,7913,8137,-0.03,19.107797295589538,24/09/2023,ETH,1,Berlin,1,1488,0,1,02:11:53,7913,19.107797295589538,24/09/2023,168,53,,33500,168,53,,33500,2024,330000,436,438,Aout,88,Summer
2022,Amane Beriso SHANKULE,F,33,02:14:58,8098,8691,-0.07,18.671276858483576,04/12/2022,ETH,1,Valencia,2,1462,0,3,02:14:58,8098,18.671276858483576,04/12/2022,180,58,,,180,58,,,2024,330000,436,438,Aout,88,Summer
2023,Sifan HASSAN,F,31,02:18:33,8313,,,18.188379646337062,23/04/2023,NED,1,London,3,1443,0,2,02:13:44,8024,18.843469591226324,08/10/2023,170,49,,273000,170,49,,273000,2024,330000,436,438,Aout,88,Summer
2018,Ruth CHEPNGETICH,F,30,02:22:59,8579,8556,0.0,17.624431751952443,08/04/2018,KEN,2,Paris,4,1443,0,4,02:15:37,8137,18.581786899348657,08/10/2023,165,48,,16900,165,48,,16900,2024,330000,436,438,Aout,88,Summer
2020,Ruth CHEPNGETICH,F,30,02:22:05,8525,9163,-0.07,17.736070381231674,04/10/2020,KEN,3,London,4,1443,0,4,02:15:37,8137,18.581786899348657,08/10/2023,165,48,,16900,165,48,,16900,2024,330000,436,438,Aout,88,Summer
2022,Rosemary WANJIRU,F,30,02:18:00,8280,,,18.260869565217394,25/09/2022,KEN,2,Berlin,6,1412,0,6,02:16:14,8174,18.497675556643014,03/03/2024,159,45,,1041,159,45,,1041,2024,330000,436,438,Aout,88,Summer
2023,Rosemary WANJIRU,F,30,02:16:28,8188,8280,-0.01,18.466047874938937,05/03/2023,KEN,1,Tokyo,6,1412,0,6,02:16:14,8174,18.497675556643014,03/03/2024,159,45,,1041,159,45,,1041,2024,330000,436,438,Aout,88,Summer
2020,Joyciline JEPKOSGEI,F,31,02:18:40,8320,8558,-0.03,18.173076923076923,06/12/2020,KEN,2,Valencia,12,1371,0,7,02:17:23,8243,18.342836345990538,08/10/2023,156,52,,4144,156,52,,4144,2024,330000,436,438,Aout,88,Summer
2021,Joyciline JEPKOSGEI,F,31,02:17:43,8263,8320,-0.01,18.298438823671791,03/10/2021,KEN,1,London,12,1371,0,7,02:17:23,8243,18.342836345990538,08/10/2023,156,52,,4144,156,52,,4144,2024,330000,436,438,Aout,88,Summer
2022,Joyciline JEPKOSGEI,F,31,02:18:07,8287,8263,0.0,18.245444672378422,02/10/2022,KEN,2,London,12,1371,0,7,02:17:23,8243,18.342836345990538,08/10/2023,156,52,,4144,156,52,,4144,2024,330000,436,438,Aout,88,Summer
2017,Honami MAEDA,F,28,02:32:19,9139,,,16.544479702374442,29/01/2017,JPN,12,Osaka,15,1348,0,9,02:18:59,8339,18.131670464084422,28/01/2024,166,44,,16600,166,44,,16600,2024,330000,436,438,Aout,88,Summer
2018,Honami MAEDA,F,28,02:23:48,8628,8928,-0.03,17.524339360222534,28/01/2018,JPN,2,Osaka,15,1348,0,9,02:18:59,8339,18.131670464084422,28/01/2024,166,44,,16600,166,44,,16600,2024,330000,436,438,Aout,88,Summer
2018,Honami MAEDA,F,28,02:25:23,8723,8628,0.01,17.3334861859452,16/09/2018,JPN,7,Berlin,15,1348,0,9,02:18:59,8339,18.131670464084422,28/01/2024,166,44,,16600,166,44,,16600,2024,330000,436,438,Aout,88,Summer
2019,Honami MAEDA,F,28,02:31:42,9102,8723,0.04,16.611733684904415,03/03/2019,JPN,12,Tokyo,15,1348,0,9,02:18:59,8339,18.131670464084422,28/01/2024,166,44,,16600,166,44,,16600,2024,330000,436,438,Aout,88,Summer
2019,Honami MAEDA,F,28,02:25:15,8715,9102,-0.04,17.349397590361445,15/09/2019,JPN,1,Tokyo,15,1348,0,9,02:18:59,8339,18.131670464084422,28/01/2024,166,44,,16600,166,44,,16600,2024,330000,436,438,Aout,88,Summer
2021,Honami MAEDA,F,28,02:23:30,8610,8715,-0.01,17.5609756097561,31/01/2021,JPN,2,Osaka,15,1348,0,9,02:18:59,8339,18.131670464084422,28/01/2024,166,44,,16600,166,44,,16600,2024,330000,436,438,Aout,88,Summer
2023,Honami MAEDA,F,28,02:27:02,8822,8552,0.03,17.138970754930856,15/10/2023,JPN,7,Tokyo,15,1348,0,9,02:18:59,8339,18.131670464084422,28/01/2024,166,44,,16600,166,44,,16600,2024,330000,436,438,Aout,88,Summer
2024,Honami MAEDA,F,28,02:18:59,8339,8822,-0.05,18.131670464084422,28/01/2024,JPN,2,Osaka,15,1348,0,9,02:18:59,8339,18.131670464084422,28/01/2024,166,44,,16600,166,44,,16600,2024,330000,436,438,Aout,88,Summer
2016,Lonah Chemtai SALPETER,F,36,02:40:16,9616,9617,0.0,15.723793677204659,25/09/2016,ISR,11,Berlin,18,1344,0,32,02:23:30,8610,17.5609756097561,06/11/2022,165,52,,8635,165,52,,8635,2024,330000,436,438,Aout,88,Summer
2020,Lonah Chemtai SALPETER,F,36,02:17:45,8265,8591,-0.04,18.294010889292196,01/03/2020,ISR,1,Tokyo,18,1344,0,32,02:23:30,8610,17.5609756097561,06/11/2022,165,52,,8635,165,52,,8635,2024,330000,436,438,Aout,88,Summer
2021,Lonah Chemtai SALPETER,F,36,02:18:54,8334,10111,-0.18,18.142548596112313,03/10/2021,ISR,5,London,18,1344,0,32,02:23:30,8610,17.5609756097561,06/11/2022,165,52,,8635,165,52,,8635,2024,330000,436,438,Aout,88,Summer
2019,Emily SISSON,F,33,02:23:08,8588,,,17.6059618071728,28/04/2019,USA,6,London,24,1327,0,23,02:22:09,8529,17.72775237425255,08/10/2023,165,47,,150000,165,47,,150000,2024,330000,436,438,Aout,88,Summer
2018,Betsy SAINA,F,36,02:22:56,8576,,,17.630597014925375,08/04/2018,KEN,1,Paris,31,1318,0,10,02:19:17,8357,18.092616967811416,03/03/2024,168,47,,41300,168,47,,41300,2024,330000,436,438,Aout,88,Summer
2023,Betsy SAINA,F,36,02:21:40,8500,9111,-0.07,17.788235294117648,05/03/2023,USA,5,Tokyo,31,1318,0,10,02:19:17,8357,18.092616967811416,03/03/2024,168,47,,41300,168,47,,41300,2024,330000,436,438,Aout,88,Summer
2023,Worknesh DEGEFA,F,34,02:15:51,8151,8378,-0.03,18.549871181450129,03/12/2023,ETH,1,Valencia,33,1310,1,5,02:15:51,8151,18.549871181450129,03/12/2023,155,45,,,155,45,,,2024,330000,436,438,Aout,88,Summer
2018,Mizuki MATSUDA,F,29,02:22:44,8564,,,17.655301261092944,28/01/2018,JPN,1,Osaka,36,1303,0,20,02:21:44,8504,17.779868297271875,05/03/2023,158,46,,,158,46,,,2024,330000,436,438,Aout,88,Summer
2018,Mizuki MATSUDA,F,29,02:22:23,8543,8564,0.0,17.6987006906239,16/09/2018,JPN,5,Berlin,36,1303,0,20,02:21:44,8504,17.779868297271875,05/03/2023,158,46,,,158,46,,,2024,330000,436,438,Aout,88,Summer
2019,Mizuki MATSUDA,F,29,02:29:51,8991,8543,0.05,16.816816816816818,15/09/2019,JPN,4,Tokyo,36,1303,0,20,02:21:44,8504,17.779868297271875,05/03/2023,158,46,,,158,46,,,2024,330000,436,438,Aout,88,Summer
2020,Mizuki MATSUDA,F,29,02:21:47,8507,8991,-0.05,17.773598213236159,26/01/2020,JPN,1,Osaka,36,1303,0,20,02:21:44,8504,17.779868297271875,05/03/2023,158,46,,,158,46,,,2024,330000,436,438,Aout,88,Summer
2022,Mizuki MATSUDA,F,29,02:20:52,8452,8511,-0.01,17.889256980596308,30/01/2022,JPN,1,Osaka,36,1303,0,20,02:21:44,8504,17.779868297271875,05/03/2023,158,46,,,158,46,,,2024,330000,436,438,Aout,88,Summer
2023,Mizuki MATSUDA,F,29,02:21:44,8504,8629,-0.01,17.779868297271875,05/03/2023,JPN,6,Tokyo,36,1303,0,20,02:21:44,8504,17.779868297271875,05/03/2023,158,46,,,158,46,,,2024,330000,436,438,Aout,88,Summer
2024,Mizuki MATSUDA,F,29,02:23:07,8587,8955,-0.04,17.608012111331082,28/01/2024,JPN,3,Osaka,36,1303,0,20,02:21:44,8504,17.779868297271875,05/03/2023,158,46,,,158,46,,,2024,330000,436,438,Aout,88,Summer
2023,Magdalena SHAURI,F,28,02:18:41,8321,9208,-0.1,18.170892921523858,24/09/2023,TAN,3,Berlin,51,1280,1,8,02:18:41,8321,18.170892921523858,24/09/2023,,,,724,,,,724,2024,330000,436,438,Aout,88,Summer
2019,Majida MAAYOUF,F,35,02:33:12,9192,,,16.449086161879897,01/12/2019,MAR,19,Valencia,53,1280,0,17,02:21:01,8461,17.870228105424889,04/12/2022,,,,15500,,,,15500,2024,330000,436,438,Aout,88,Summer
2022,Majida MAAYOUF,F,35,02:24:09,8649,8964,-0.04,17.481789802289285,20/02/2022,MAR,8,Sevilla,53,1280,0,17,02:21:01,8461,17.870228105424889,04/12/2022,,,,15500,,,,15500,2024,330000,436,438,Aout,88,Summer
2022,Majida MAAYOUF,F,35,02:21:01,8461,8649,-0.02,17.870228105424889,04/12/2022,MAR,10,Valencia,53,1280,0,17,02:21:01,8461,17.870228105424889,04/12/2022,,,,15500,,,,15500,2024,330000,436,438,Aout,88,Summer
2023,Majida MAAYOUF,F,35,02:21:27,8487,8461,0.0,17.815482502651115,03/12/2023,ESP,5,Valencia,53,1280,0,17,02:21:01,8461,17.870228105424889,04/12/2022,,,,15500,,,,15500,2024,330000,436,438,Aout,88,Summer
2022,Dolshi TESFU,F,25,02:20:40,8440,,,17.914691943127963,04/12/2022,ERI,9,Valencia,55,1274,0,14,02:20:40,8440,17.914691943127963,04/12/2022,,,,,,,,,2024,330000,436,438,Aout,88,Summer
2019,Joan Chelimo MELLY,F,34,02:26:24,8784,,,17.21311475409836,03/03/2019,KEN,8,Tokyo,61,1267,0,42,02:24:16,8656,17.467652495378928,03/12/2023,168,55,,39300,168,55,,39300,2024,330000,436,438,Aout,88,Summer
2020,Joan Chelimo MELLY,F,34,02:20:57,8457,8784,-0.04,17.878680383114581,06/12/2020,KEN,8,Valencia,61,1267,0,42,02:24:16,8656,17.467652495378928,03/12/2023,168,55,,39300,168,55,,39300,2024,330000,436,438,Aout,88,Summer
2021,Joan Chelimo MELLY,F,34,02:21:23,8483,8457,0.0,17.823883060238121,03/10/2021,ROU,7,London,61,1267,0,42,02:24:16,8656,17.467652495378928,03/12/2023,168,55,,39300,168,55,,39300,2024,330000,436,438,Aout,88,Summer
2022,Joan Chelimo MELLY,F,34,02:19:27,8367,8284,0.01,18.070993187522408,02/10/2022,ROU,5,London,61,1267,0,42,02:24:16,8656,17.467652495378928,03/12/2023,168,55,,39300,168,55,,39300,2024,330000,436,438,Aout,88,Summer
2023,Joan Chelimo MELLY,F,34,02:24:16,8656,8367,0.03,17.467652495378928,03/12/2023,ROU,12,Valencia,61,1267,0,42,02:24:16,8656,17.467652495378928,03/12/2023,168,55,,39300,168,55,,39300,2024,330000,436,438,Aout,88,Summer
2007,Hitomi NIIYA,F,36,02:31:02,9062,,,16.685058485985433,18/02/2007,JPN,1,Tokyo,62,1267,0,11,02:19:24,8364,18.077474892395983,15/01/2023,165,44,,26600,165,44,,26600,2024,330000,436,438,Aout,88,Summer
2022,Hitomi NIIYA,F,36,02:21:17,8477,9058,-0.06,17.836498761354253,06/03/2022,JPN,7,Tokyo,62,1267,0,11,02:19:24,8364,18.077474892395983,15/01/2023,165,44,,26600,165,44,,26600,2024,330000,436,438,Aout,88,Summer
2023,Hitomi NIIYA,F,36,02:23:08,8588,8364,0.03,17.6059618071728,24/09/2023,JPN,11,Berlin,62,1267,0,11,02:19:24,8364,18.077474892395983,15/01/2023,165,44,,26600,165,44,,26600,2024,330000,436,438,Aout,88,Summer
2018,Desi Jisa MOKONIN,F,27,02:31:30,9090,8645,0.05,16.633663366336634,08/04/2018,BRN,9,Paris,65,1266,0,15,02:20:47,8447,17.899846099206819,20/01/2023,164,51,,,164,51,,,2024,330000,436,438,Aout,88,Summer
2023,Desi Jisa MOKONIN,F,27,02:22:29,8549,8447,0.01,17.686279096970406,03/12/2023,BRN,7,Valencia,65,1266,0,15,02:20:47,8447,17.899846099206819,20/01/2023,164,51,,,164,51,,,2024,330000,436,438,Aout,88,Summer
2024,Stella CHESANG,F,28,02:23:36,8616,8423,0.02,17.548746518105848,28/01/2024,UGA,4,Osaka,67,1263,0,12,02:20:23,8423,17.950848866199692,23/04/2023,161,43,,1169,161,43,,1169,2024,330000,436,438,Aout,88,Summer
2023,Delvine Relin MERINGOR,F,32,02:23:25,8605,8449,0.02,17.571179546775131,24/09/2023,ROU,12,Berlin,80,1246,0,16,02:20:49,8449,17.895608947804472,19/03/2023,,,,,,,,,2024,330000,436,438,Aout,88,Summer
2023,Sofiia YAREMCHUK,F,30,02:24:02,8642,8736,-0.01,17.495950011571395,23/04/2023,ITA,9,London,92,1241,0,30,02:23:16,8596,17.589576547231268,03/12/2023,170,49,,12600,170,49,,12600,2024,330000,436,438,Aout,88,Summer
2023,Sofiia YAREMCHUK,F,30,02:23:16,8596,8642,-0.01,17.589576547231268,03/12/2023,ITA,9,Valencia,92,1241,0,30,02:23:16,8596,17.589576547231268,03/12/2023,170,49,,12600,170,49,,12600,2024,330000,436,438,Aout,88,Summer
2023,Aleksandra LISOWSKA,F,34,02:25:52,8752,8804,-0.01,17.276051188299817,03/12/2023,POL,29,Valencia,93,1240,0,61,02:25:52,8752,17.276051188299817,03/12/2023,,,,11000,,,,11000,2024,330000,436,438,Aout,88,Summer
2008,Lisa WEIGHTMAN,F,45,02:32:32,9152,,,16.52097902097902,13/04/2008,AUS,13,London,97,1237,0,29,02:23:15,8595,17.591623036649214,26/02/2023,157,44,,10900,157,44,,10900,2024,330000,436,438,Aout,88,Summer
2013,Lisa WEIGHTMAN,F,45,02:29:09,8949,8852,0.01,16.895742541066042,27/01/2013,AUS,4,Osaka,97,1237,0,29,02:23:15,8595,17.591623036649214,26/02/2023,157,44,,10900,157,44,,10900,2024,330000,436,438,Aout,88,Summer
2017,Lisa WEIGHTMAN,F,45,02:25:15,8715,9281,-0.06,17.349397590361445,23/04/2017,AUS,5,London,97,1237,0,29,02:23:15,8595,17.591623036649214,26/02/2023,157,44,,10900,157,44,,10900,2024,330000,436,438,Aout,88,Summer
2020,Lisa WEIGHTMAN,F,45,02:26:02,8762,8985,-0.02,17.256334170280759,26/01/2020,AUS,5,Osaka,97,1237,0,29,02:23:15,8595,17.591623036649214,26/02/2023,157,44,,10900,157,44,,10900,2024,330000,436,438,Aout,88,Summer
2022,Lisa WEIGHTMAN,F,45,02:24:00,8640,8755,-0.01,17.5,25/09/2022,AUS,15,Berlin,97,1237,0,29,02:23:15,8595,17.591623036649214,26/02/2023,157,44,,10900,157,44,,10900,2024,330000,436,438,Aout,88,Summer
2023,Lisa WEIGHTMAN,F,45,02:23:15,8595,8640,-0.01,17.591623036649214,26/02/2023,AUS,4,Osaka,97,1237,0,29,02:23:15,8595,17.591623036649214,26/02/2023,157,44,,10900,157,44,,10900,2024,330000,436,438,Aout,88,Summer
2023,Lisa WEIGHTMAN,F,45,02:31:42,9102,8595,0.06,16.611733684904415,05/03/2023,AUS,13,Tokyo,97,1237,0,29,02:23:15,8595,17.591623036649214,26/02/2023,157,44,,10900,157,44,,10900,2024,330000,436,438,Aout,88,Summer
2023,Lisa WEIGHTMAN,F,45,02:24:18,8658,9050,-0.04,17.463617463617464,03/12/2023,AUS,13,Valencia,97,1237,0,29,02:23:15,8595,17.591623036649214,26/02/2023,157,44,,10900,157,44,,10900,2024,330000,436,438,Aout,88,Summer
2024,Lisa WEIGHTMAN,F,45,02:24:43,8683,8658,0.0,17.413336404468502,25/02/2024,AUS,3,Osaka,97,1237,0,29,02:23:15,8595,17.591623036649214,26/02/2023,157,44,,10900,157,44,,10900,2024,330000,436,438,Aout,88,Summer
2023,Genevieve GREGSON,F,35,02:23:08,8588,8913,-0.04,17.6059618071728,03/12/2023,AUS,8,Valencia,98,1236,0,28,02:23:08,8588,17.6059618071728,03/12/2023,164,53,,148000,164,53,,148000,2024,330000,436,438,Aout,88,Summer
2012,Sultan HAYDAR,F,37,02:25:09,8709,9306,-0.06,17.361350327247678,15/04/2012,TUR,2,Paris,122,1219,1,18,02:21:27,8487,17.815482502651115,03/12/2023,170,55,,,170,55,,,2024,330000,436,438,Aout,88,Summer
2023,Sultan HAYDAR,F,37,02:21:27,8487,10437,-0.19,17.815482502651115,03/12/2023,TUR,6,Valencia,122,1219,1,18,02:21:27,8487,17.815482502651115,03/12/2023,170,55,,,170,55,,,2024,330000,436,438,Aout,88,Summer
2022,Citlali CRISTIAN MOSCOTE,F,29,02:26:13,8773,,,17.234697366921235,20/02/2022,MEX,10,Sevilla,124,1219,0,52,02:24:53,8693,17.393304958012195,19/02/2023,,,,10200,,,,10200,2024,330000,436,438,Aout,88,Summer
2023,Citlali CRISTIAN MOSCOTE,F,29,02:24:53,8693,8793,-0.01,17.393304958012195,19/02/2023,MEX,4,Sevilla,124,1219,0,52,02:24:53,8693,17.393304958012195,19/02/2023,,,,10200,,,,10200,2024,330000,436,438,Aout,88,Summer
2018,Matea PARLOV KOŠTRO,F,32,02:38:05,9485,,,15.940959409594095,16/09/2018,CRO,20,Berlin,128,1217,0,60,02:25:45,8745,17.289879931389365,26/03/2023,,,,8747,,,,8747,2024,330000,436,438,Aout,88,Summer
2019,Matea PARLOV KOŠTRO,F,32,02:32:43,9163,9485,-0.03,16.501145912910619,17/02/2019,CRO,8,Sevilla,128,1217,0,60,02:25:45,8745,17.289879931389365,26/03/2023,,,,8747,,,,8747,2024,330000,436,438,Aout,88,Summer
2020,Matea PARLOV KOŠTRO,F,32,02:28:52,8932,9163,-0.03,16.927899686520377,06/12/2020,CRO,18,Valencia,128,1217,0,60,02:25:45,8745,17.289879931389365,26/03/2023,,,,8747,,,,8747,2024,330000,436,438,Aout,88,Summer
2016,Rose HARVEY,F,32,02:55:41,10541,,,14.3439901337634,24/04/2016,GBR,63,London,129,1216,0,31,02:23:21,8601,17.579351238228114,08/10/2023,166,,,13900,166,,,13900,2024,330000,436,438,Aout,88,Summer
2021,Rose HARVEY,F,32,02:29:45,8985,9074,-0.01,16.828046744574291,03/10/2021,GBR,15,London,129,1216,0,31,02:23:21,8601,17.579351238228114,08/10/2023,166,,,13900,166,,,13900,2024,330000,436,438,Aout,88,Summer
2022,Rose HARVEY,F,32,02:27:20,8840,8985,-0.02,17.104072398190045,20/02/2022,GBR,13,Sevilla,129,1216,0,31,02:23:21,8601,17.579351238228114,08/10/2023,166,,,13900,166,,,13900,2024,330000,436,438,Aout,88,Summer
2022,Rose HARVEY,F,32,02:27:59,8879,8840,0.0,17.028944700979839,02/10/2022,GBR,10,London,129,1216,0,31,02:23:21,8601,17.579351238228114,08/10/2023,166,,,13900,166,,,13900,2024,330000,436,438,Aout,88,Summer
2016,Charlotte PURDUE,F,33,02:32:48,9168,,,16.492146596858639,24/04/2016,GBR,16,London,133,1212,1,25,02:22:17,8537,17.711139744640974,24/09/2023,153,47,,51300,153,47,,51300,2024,330000,436,438,Aout,88,Summer
2017,Charlotte PURDUE,F,33,02:29:23,8963,9004,0.0,16.8693517795381,23/04/2017,GBR,15,London,133,1212,1,25,02:22:17,8537,17.711139744640974,24/09/2023,153,47,,51300,153,47,,51300,2024,330000,436,438,Aout,88,Summer
2019,Charlotte PURDUE,F,33,02:25:38,8738,9034,-0.03,17.303730830853741,28/04/2019,GBR,10,London,133,1212,1,25,02:22:17,8537,17.711139744640974,24/09/2023,153,47,,51300,153,47,,51300,2024,330000,436,438,Aout,88,Summer
2021,Charlotte PURDUE,F,33,02:23:26,8606,8738,-0.02,17.569137810829652,03/10/2021,GBR,10,London,133,1212,1,25,02:22:17,8537,17.711139744640974,24/09/2023,153,47,,51300,153,47,,51300,2024,330000,436,438,Aout,88,Summer
2023,Charlotte PURDUE,F,33,02:22:17,8537,8606,-0.01,17.711139744640974,24/09/2023,GBR,9,Berlin,133,1212,1,25,02:22:17,8537,17.711139744640974,24/09/2023,153,47,,51300,153,47,,51300,2024,330000,436,438,Aout,88,Summer
2023,Malindi ELMORE,F,44,02:23:30,8610,8865,-0.03,17.5609756097561,24/09/2023,CAN,13,Berlin,136,1211,0,33,02:23:30,8610,17.5609756097561,24/09/2023,168,51,,7707,168,51,,7707,2024,330000,436,438,Aout,88,Summer
2019,Melat Yisak KEJETA,F,32,02:23:57,8637,,,17.506078499478988,29/09/2019,GER,6,Berlin,137,1211,1,21,02:21:47,8507,17.773598213236159,07/01/2024,165,50,,,165,50,,,2024,330000,436,438,Aout,88,Summer
2019,Zhixuan LI,F,28,02:54:38,10478,9041,0.16,14.43023477762932,29/09/2019,CHN,80,Berlin,142,1208,0,70,02:26:28,8788,17.205279927173418,12/03/2023,170,,,,170,,,,2024,330000,436,438,Aout,88,Summer
2022,Florencia BORELLI,F,32,02:26:54,8814,9147,-0.04,17.154526889040163,20/02/2022,ARG,12,Sevilla,144,1208,0,43,02:24:18,8658,17.463617463617464,18/02/2024,,,,87000,,,,87000,2024,330000,436,438,Aout,88,Summer
2024,Florencia BORELLI,F,32,02:24:18,8658,8849,-0.02,17.463617463617464,18/02/2024,ARG,8,Sevilla,144,1208,0,43,02:24:18,8658,17.463617463617464,18/02/2024,,,,87000,,,,87000,2024,330000,436,438,Aout,88,Summer
2019,Sinead DIVER,F,47,02:24:11,8651,8719,-0.01,17.477748237198011,28/04/2019,AUS,7,London,148,1205,0,19,02:21:34,8494,17.800800565104783,04/12/2022,,,,20400,,,,20400,2024,330000,436,438,Aout,88,Summer
2020,Sinead DIVER,F,47,02:27:07,8827,8783,0.01,17.129262490087232,04/10/2020,AUS,8,London,148,1205,0,19,02:21:34,8494,17.800800565104783,04/12/2022,,,,20400,,,,20400,2024,330000,436,438,Aout,88,Summer
2021,Sinead DIVER,F,47,02:27:16,8836,9074,-0.03,17.111815301041194,03/10/2021,AUS,12,London,148,1205,0,19,02:21:34,8494,17.800800565104783,04/12/2022,,,,20400,,,,20400,2024,330000,436,438,Aout,88,Summer
2022,Sinead DIVER,F,47,02:21:34,8494,9066,-0.06,17.800800565104783,04/12/2022,AUS,12,Valencia,148,1205,0,19,02:21:34,8494,17.800800565104783,04/12/2022,,,,20400,,,,20400,2024,330000,436,438,Aout,88,Summer
2021,Nienke BRINKMAN,F,31,02:26:34,8794,,,17.193541050716398,05/12/2021,NED,13,Valencia,150,1205,1,83,,,,,,,,,,,,,2024,330000,436,438,Aout,88,Summer
2018,Giovanna EPIS,F,36,02:29:41,8981,9151,-0.02,16.835541699142635,25/02/2018,ITA,6,Sevilla,164,1198,0,35,02:23:46,8626,17.5284025040575,23/04/2023,164,46,,12500,164,46,,12500,2024,330000,436,438,Aout,88,Summer
2021,Giovanna EPIS,F,36,02:25:20,8720,9309,-0.06,17.339449541284406,05/12/2021,ITA,10,Valencia,164,1198,0,35,02:23:46,8626,17.5284025040575,23/04/2023,164,46,,12500,164,46,,12500,2024,330000,436,438,Aout,88,Summer
2022,Giovanna EPIS,F,36,02:23:54,8634,8946,-0.03,17.512161223071576,04/12/2022,ITA,15,Valencia,164,1198,0,35,02:23:46,8626,17.5284025040575,23/04/2023,164,46,,12500,164,46,,12500,2024,330000,436,438,Aout,88,Summer
2023,Meritxell SOLER,F,32,02:26:37,8797,,,17.187677617369559,19/02/2023,ESP,8,Sevilla,165,1197,0,54,02:24:57,8697,17.385305277681958,18/02/2024,,,,452,,,,452,2024,330000,436,438,Aout,88,Summer
2024,Meritxell SOLER,F,32,02:24:57,8697,9278,-0.06,17.385305277681958,18/02/2024,ESP,14,Sevilla,165,1197,0,54,02:24:57,8697,17.385305277681958,18/02/2024,,,,452,,,,452,2024,330000,436,438,Aout,88,Summer
2022,Méline ROLLIN,F,26,02:30:27,9027,,,16.749750747756732,04/12/2022,FRA,24,Valencia,167,1196,0,41,02:24:12,8652,17.475728155339805,18/02/2024,,,,12200,,,,12200,2024,330000,436,438,Aout,88,Summer
2024,Méline ROLLIN,F,26,02:24:12,8652,8818,-0.02,17.475728155339805,18/02/2024,FRA,7,Sevilla,167,1196,0,41,02:24:12,8652,17.475728155339805,18/02/2024,,,,12200,,,,12200,2024,330000,436,438,Aout,88,Summer
2022,Natasha WODAK,F,43,02:23:12,8592,9101,-0.06,17.597765363128492,25/09/2022,CAN,12,Berlin,170,1194,0,87,,,,,,,,,,,,,2024,330000,436,438,Aout,88,Summer
2023,Domenika MAYER,F,34,02:23:47,8627,8927,-0.03,17.526370696650055,24/09/2023,GER,14,Berlin,174,1192,0,36,02:23:47,8627,17.526370696650055,24/09/2023,,,,3443,,,,3443,2024,330000,436,438,Aout,88,Summer
2024,Chloé HERBIET,F,26,02:24:56,8696,8874,-0.02,17.387304507819685,18/02/2024,BEL,13,Sevilla,184,1190,0,53,02:24:56,8696,17.387304507819685,18/02/2024,168,52,,2642,168,52,,2642,2024,330000,436,438,Aout,88,Summer
2017,Gerda STEYN,F,34,02:37:22,9442,10625,-0.11,16.01355644990468,19/11/2017,RSA,12,Valencia,201,1183,0,37,02:24:03,8643,17.493925720236028,03/12/2023,,56,,55500,,56,,55500,2024,330000,436,438,Aout,88,Summer
2020,Gerda STEYN,F,34,02:26:51,8811,8868,-0.01,17.160367722165475,04/10/2020,RSA,7,London,201,1183,0,37,02:24:03,8643,17.493925720236028,03/12/2023,,56,,55500,,56,,55500,2024,330000,436,438,Aout,88,Summer
2023,Gerda STEYN,F,34,02:24:03,8643,9022,-0.04,17.493925720236028,03/12/2023,RSA,11,Valencia,201,1183,0,37,02:24:03,8643,17.493925720236028,03/12/2023,,56,,55500,,56,,55500,2024,330000,436,438,Aout,88,Summer
2023,Fabienne SCHLUMPF,F,34,02:25:27,8727,9017,-0.03,17.325541423169472,24/09/2023,SUI,15,Berlin,206,1182,0,44,02:24:30,8670,17.439446366782008,03/12/2023,183,62,,7853,183,62,,7853,2024,330000,436,438,Aout,88,Summer
2023,Fabienne SCHLUMPF,F,34,02:24:30,8670,8727,-0.01,17.439446366782008,03/12/2023,SUI,14,Valencia,206,1182,0,44,02:24:30,8670,17.439446366782008,03/12/2023,183,62,,7853,183,62,,7853,2024,330000,436,438,Aout,88,Summer
2024,Esther NAVARRETE,F,34,02:24:40,8680,,,17.41935483870968,18/02/2024,ESP,11,Sevilla,209,1180,1,48,02:24:40,8680,17.41935483870968,18/02/2024,,,,2398,,,,2398,2024,330000,436,438,Aout,88,Summer
2018,Carolina WIKSTRÖM,F,31,02:46:04,9964,,,15.174628663187475,02/12/2018,SWE,31,Valencia,213,1178,0,45,02:24:30,8670,17.439446366782008,18/02/2024,,,,5428,,,,5428,2024,330000,436,438,Aout,88,Summer
2020,Carolina WIKSTRÖM,F,31,02:26:42,8802,9239,-0.05,17.177914110429448,06/12/2020,SWE,11,Valencia,213,1178,0,45,02:24:30,8670,17.439446366782008,18/02/2024,,,,5428,,,,5428,2024,330000,436,438,Aout,88,Summer
2022,Carolina WIKSTRÖM,F,31,02:26:14,8774,9144,-0.04,17.2327330749943,04/12/2022,SWE,19,Valencia,213,1178,0,45,02:24:30,8670,17.439446366782008,18/02/2024,,,,5428,,,,5428,2024,330000,436,438,Aout,88,Summer
2024,Carolina WIKSTRÖM,F,31,02:24:30,8670,9417,-0.08,17.439446366782008,18/02/2024,SWE,9,Sevilla,213,1178,0,45,02:24:30,8670,17.439446366782008,18/02/2024,,,,5428,,,,5428,2024,330000,436,438,Aout,88,Summer
2023,Mekdes WOLDU,F,32,02:24:44,8684,8794,-0.01,17.411331183786274,03/12/2023,FRA,17,Valencia,218,1176,0,49,02:24:44,8684,17.411331183786274,03/12/2023,164,,,22200,164,,,22200,2024,330000,436,438,Aout,88,Summer
2018,Khishigsaikhan GALBADRAKH,F,34,02:41:49,9709,9831,-0.01,15.573179524152847,28/01/2018,MGL,21,Osaka,230,1173,0,72,02:26:32,8792,17.197452229299365,03/03/2024,,,,,,,,,2024,330000,436,438,Aout,88,Summer
2019,Hanne VERBRUGGEN,F,31,02:35:00,9300,9543,-0.03,16.258064516129032,01/12/2019,BEL,24,Valencia,232,1173,0,71,02:26:32,8792,17.197452229299365,19/02/2023,,,,2200,,,,2200,2024,330000,436,438,Aout,88,Summer
2020,Hanne VERBRUGGEN,F,31,02:29:14,8954,9300,-0.04,16.886307795398707,06/12/2020,BEL,20,Valencia,232,1173,0,71,02:26:32,8792,17.197452229299365,19/02/2023,,,,2200,,,,2200,2024,330000,436,438,Aout,88,Summer
2022,Hanne VERBRUGGEN,F,31,02:29:54,8994,9483,-0.05,16.811207471647762,20/02/2022,BEL,17,Sevilla,232,1173,0,71,02:26:32,8792,17.197452229299365,19/02/2023,,,,2200,,,,2200,2024,330000,436,438,Aout,88,Summer
2023,Hanne VERBRUGGEN,F,31,02:26:32,8792,8984,-0.02,17.197452229299365,19/02/2023,BEL,7,Sevilla,232,1173,0,71,02:26:32,8792,17.197452229299365,19/02/2023,,,,2200,,,,2200,2024,330000,436,438,Aout,88,Summer
2021,Fionnuala MCCORMACK,F,40,02:23:58,8638,9249,-0.07,17.504051863857377,05/12/2021,IRL,5,Valencia,233,1173,0,68,02:26:19,8779,17.22291832782777,03/12/2023,157,43,,,157,43,,,2024,330000,436,438,Aout,88,Summer
2023,Fionnuala MCCORMACK,F,40,02:26:19,8779,8965,-0.02,17.22291832782777,03/12/2023,IRL,34,Valencia,233,1173,0,68,02:26:19,8779,17.22291832782777,03/12/2023,157,43,,,157,43,,,2024,330000,436,438,Aout,88,Summer
2016,Gladys TEJEDA,F,39,02:34:56,9296,8995,0.03,16.265060240963855,20/11/2016,PER,8,Valencia,240,1172,0,69,02:26:26,8786,17.20919644889597,04/12/2022,155,44,,80100,155,44,,80100,2024,330000,436,438,Aout,88,Summer
2018,Gladys TEJEDA,F,39,02:30:44,9044,9375,-0.04,16.718266253869967,28/01/2018,PER,7,Osaka,240,1172,0,69,02:26:26,8786,17.20919644889597,04/12/2022,155,44,,80100,155,44,,80100,2024,330000,436,438,Aout,88,Summer
2020,Gladys TEJEDA,F,39,02:27:07,8827,9055,-0.03,17.129262490087232,23/02/2020,PER,6,Sevilla,240,1172,0,69,02:26:26,8786,17.20919644889597,04/12/2022,155,44,,80100,155,44,,80100,2024,330000,436,438,Aout,88,Summer
2022,Gladys TEJEDA,F,39,02:25:57,8757,9261,-0.05,17.266187050359711,20/02/2022,PER,9,Sevilla,240,1172,0,69,02:26:26,8786,17.20919644889597,04/12/2022,155,44,,80100,155,44,,80100,2024,330000,436,438,Aout,88,Summer
2022,Gladys TEJEDA,F,39,02:26:26,8786,8757,0.0,17.20919644889597,04/12/2022,PER,20,Valencia,240,1172,0,69,02:26:26,8786,17.20919644889597,04/12/2022,155,44,,80100,155,44,,80100,2024,330000,436,438,Aout,88,Summer
2024,Rahma TAHIRI,F,26,02:24:51,8691,9157,-0.05,17.397307559544355,18/02/2024,MAR,12,Sevilla,242,1171,1,51,02:24:51,8691,17.397307559544355,18/02/2024,,,,,,,,,2024,330000,436,438,Aout,88,Summer
2022,Mélody JULIEN,F,25,02:31:39,9099,9625,-0.05,16.617210682492583,20/02/2022,FRA,21,Sevilla,243,1171,0,55,02:25:01,8701,17.377312952534194,03/12/2023,168,49,,5075,168,49,,5075,2024,330000,436,438,Aout,88,Summer
2023,Mélody JULIEN,F,25,02:25:01,8701,10179,-0.15,17.377312952534194,03/12/2023,FRA,19,Valencia,243,1171,0,55,02:25:01,8701,17.377312952534194,03/12/2023,168,49,,5075,168,49,,5075,2024,330000,436,438,Aout,88,Summer
2019,Bojana BJELJAC,F,35,02:27:42,8862,9086,-0.02,17.061611374407583,01/12/2019,CRO,12,Valencia,246,1170,0,34,02:23:39,8619,17.542638357117998,04/12/2022,166,55,,2403,166,55,,2403,2024,330000,436,438,Aout,88,Summer
2021,Bojana BJELJAC,F,35,02:26:08,8768,9572,-0.08,17.244525547445253,05/12/2021,CRO,12,Valencia,246,1170,0,34,02:23:39,8619,17.542638357117998,04/12/2022,166,55,,2403,166,55,,2403,2024,330000,436,438,Aout,88,Summer
2022,Bojana BJELJAC,F,35,02:23:39,8619,8768,-0.02,17.542638357117998,04/12/2022,CRO,14,Valencia,246,1170,0,34,02:23:39,8619,17.542638357117998,04/12/2022,166,55,,2403,166,55,,2403,2024,330000,436,438,Aout,88,Summer
2023,Bojana BJELJAC,F,35,02:28:53,8933,9349,-0.04,16.926004701667971,03/12/2023,CRO,44,Valencia,246,1170,0,34,02:23:39,8619,17.542638357117998,04/12/2022,166,55,,2403,166,55,,2403,2024,330000,436,438,Aout,88,Summer
2023,Silvia Patricia ORTIZ MOROCHO,F,32,02:27:36,8856,10090,-0.12,17.073170731707318,19/02/2023,ECU,11,Sevilla,247,1170,0,50,02:24:50,8690,17.399309551208287,03/12/2023,,,,,,,,,2024,330000,436,438,Aout,88,Summer
2023,Silvia Patricia ORTIZ MOROCHO,F,32,02:24:50,8690,9309,-0.07,17.399309551208287,03/12/2023,ECU,18,Valencia,247,1170,0,50,02:24:50,8690,17.399309551208287,03/12/2023,,,,,,,,,2024,330000,436,438,Aout,88,Summer
2023,Julia MAYER,F,31,02:26:43,8803,9714,-0.09,17.175962739975009,03/12/2023,AUT,37,Valencia,253,1168,0,78,02:26:43,8803,17.175962739975009,03/12/2023,,,,31000,,,,31000,2024,330000,436,438,Aout,88,Summer
2019,Clementine MUKANDANGA,F,39,02:32:45,9165,9059,0.01,16.497545008183305,01/12/2019,RWA,6,Osaka,256,1167,0,62,02:25:54,8754,17.272104180945853,26/11/2023,,,,,,,,,2024,330000,436,438,Aout,88,Summer
2023,Moira STEWARTOVÁ,F,29,02:25:36,8736,9242,-0.05,17.307692307692307,03/12/2023,CZE,25,Valencia,258,1167,0,59,02:25:36,8736,17.307692307692307,03/12/2023,,,,4339,,,,4339,2024,330000,436,438,Aout,88,Summer
2012,Irvette VAN ZYL,F,37,02:33:41,9221,,,16.397353866175035,22/04/2012,RSA,17,London,263,1164,0,65,02:26:11,8771,17.238627294493217,04/12/2022,169,54,,7717,169,54,,7717,2024,330000,436,438,Aout,88,Summer
2013,Irvette VAN ZYL,F,37,02:31:26,9086,9221,-0.01,16.640986132511554,21/04/2013,RSA,10,London,263,1164,0,65,02:26:11,8771,17.238627294493217,04/12/2022,169,54,,7717,169,54,,7717,2024,330000,436,438,Aout,88,Summer
2016,Irvette VAN ZYL,F,37,02:32:20,9140,9086,0.01,16.542669584245079,24/04/2016,RSA,15,London,263,1164,0,65,02:26:11,8771,17.238627294493217,04/12/2022,169,54,,7717,169,54,,7717,2024,330000,436,438,Aout,88,Summer
2022,Irvette VAN ZYL,F,37,02:26:11,8771,8920,-0.02,17.238627294493217,04/12/2022,RSA,16,Valencia,263,1164,0,65,02:26:11,8771,17.238627294493217,04/12/2022,169,54,,7717,169,54,,7717,2024,330000,436,438,Aout,88,Summer
2023,Irvette VAN ZYL,F,37,02:27:29,8849,9512,-0.07,17.086676460617017,03/12/2023,RSA,39,Valencia,263,1164,0,65,02:26:11,8771,17.238627294493217,04/12/2022,169,54,,7717,169,54,,7717,2024,330000,436,438,Aout,88,Summer
2018,Laura HOTTENROTT,F,32,02:33:01,9181,9283,-0.01,16.468794248992484,25/02/2018,GER,8,Sevilla,269,1161,0,46,02:24:32,8672,17.435424354243544,03/12/2023,170,,,49100,170,,,49100,2024,330000,436,438,Aout,88,Summer
2021,Laura HOTTENROTT,F,32,02:38:34,9514,8882,0.07,15.89236914021442,05/12/2021,GER,28,Valencia,269,1161,0,46,02:24:32,8672,17.435424354243544,03/12/2023,170,,,49100,170,,,49100,2024,330000,436,438,Aout,88,Summer
2023,Laura HOTTENROTT,F,32,02:29:38,8978,9514,-0.06,16.841167297839164,24/09/2023,GER,24,Berlin,269,1161,0,46,02:24:32,8672,17.435424354243544,03/12/2023,170,,,49100,170,,,49100,2024,330000,436,438,Aout,88,Summer
2023,Laura HOTTENROTT,F,32,02:24:32,8672,8978,-0.03,17.435424354243544,03/12/2023,GER,15,Valencia,269,1161,0,46,02:24:32,8672,17.435424354243544,03/12/2023,170,,,49100,170,,,49100,2024,330000,436,438,Aout,88,Summer
2023,Susana SANTOS,F,32,02:25:35,8735,8936,-0.02,17.309673726388095,03/12/2023,POR,24,Valencia,271,1160,0,58,02:25:35,8735,17.309673726388095,03/12/2023,,,,2075,,,,2075,2024,330000,436,438,Aout,88,Summer
2015,Rosa Alva CHACHA CHACHA,F,42,02:35:29,9329,9723,-0.04,16.207524922285348,22/02/2015,ECU,4,Sevilla,273,1160,0,74,02:26:34,8794,17.193541050716398,23/04/2023,155,45,,,155,45,,,2024,330000,436,438,Aout,88,Summer
2020,Rosa Alva CHACHA CHACHA,F,42,02:33:32,9212,9165,0.01,16.413373860182372,06/12/2020,ECU,26,Valencia,273,1160,0,74,02:26:34,8794,17.193541050716398,23/04/2023,155,45,,,155,45,,,2024,330000,436,438,Aout,88,Summer
2024,Rosa Alva CHACHA CHACHA,F,42,02:28:01,8881,9061,-0.02,17.025109784934127,18/02/2024,ECU,25,Sevilla,273,1160,0,74,02:26:34,8794,17.193541050716398,23/04/2023,155,45,,,155,45,,,2024,330000,436,438,Aout,88,Summer
2021,Camilla RICHARDSSON,F,31,02:30:45,9045,,,16.71641791044776,05/12/2021,FIN,20,Valencia,280,1158,1,47,02:24:38,8678,17.423369439963128,03/12/2023,165,48,,11100,165,48,,11100,2024,330000,436,438,Aout,88,Summer
2023,Camilla RICHARDSSON,F,31,02:24:38,8678,9045,-0.04,17.423369439963128,03/12/2023,FIN,16,Valencia,280,1158,1,47,02:24:38,8678,17.423369439963128,03/12/2023,165,48,,11100,165,48,,11100,2024,330000,436,438,Aout,88,Summer
2023,Angelika MACH,F,33,02:26:19,8779,9005,-0.03,17.22291832782777,03/12/2023,POL,33,Valencia,284,1157,0,67,02:26:19,8779,17.22291832782777,03/12/2023,,,,5074,,,,5074,2024,330000,436,438,Aout,88,Summer
2024,Amina BETTICHE,F,37,02:27:29,8849,9409,-0.06,17.086676460617017,18/02/2024,ALG,22,Sevilla,288,1157,0,85,,,,,,,,,,,,,2024,330000,436,438,Aout,88,Summer
2022,Aleksandra BRZEZIŃSKA,F,33,02:28:09,8889,9404,-0.05,17.00978737765778,04/12/2022,POL,22,Valencia,298,1155,0,89,,,,,,,,,,,,,2024,330000,436,438,Aout,88,Summer
2023,Aleksandra BRZEZIŃSKA,F,33,02:27:20,8840,9470,-0.07,17.104072398190045,03/12/2023,POL,38,Valencia,298,1155,0,89,,,,,,,,,,,,,2024,330000,436,438,Aout,88,Summer
2024,Cian OLDKNOW,F,28,02:25:08,8708,,,17.363344051446944,18/02/2024,RSA,15,Sevilla,301,1154,1,56,02:25:08,8708,17.363344051446944,18/02/2024,,,,8236,,,,8236,2024,330000,436,438,Aout,88,Summer
2022,Alisa VAINIO,F,27,02:30:22,9022,10590,-0.15,16.759033473730881,20/02/2022,FIN,18,Sevilla,303,1154,0,90,,,,,,,,,,,,,2024,330000,436,438,Aout,88,Summer
2023,Alisa VAINIO,F,27,02:27:26,8846,8921,-0.01,17.092471173411713,19/02/2023,FIN,10,Sevilla,303,1154,0,90,,,,,,,,,,,,,2024,330000,436,438,Aout,88,Summer
2022,Solange JESUS,F,37,02:29:04,8944,9201,-0.03,16.905187835420396,03/04/2022,POR,13,Paris,308,1153,0,91,,,,,,,,,,,,,2024,330000,436,438,Aout,88,Summer
2023,Solange JESUS,F,37,02:28:15,8895,8944,-0.01,16.998313659359191,02/04/2023,POR,9,Paris,308,1153,0,91,,,,,,,,,,,,,2024,330000,436,438,Aout,88,Summer
2024,Solange JESUS,F,37,02:27:30,8850,9277,-0.05,17.084745762711865,18/02/2024,POR,23,Sevilla,308,1153,0,91,,,,,,,,,,,,,2024,330000,436,438,Aout,88,Summer
2022,Marie PERRIER,F,29,02:34:35,9275,9583,-0.03,16.30188679245283,04/12/2022,MRI,32,Valencia,312,1152,0,66,02:26:19,8779,17.22291832782777,03/12/2023,,,,6900,,,,6900,2024,330000,436,438,Aout,88,Summer
2023,Marie PERRIER,F,29,02:26:19,8779,8985,-0.02,17.22291832782777,03/12/2023,MRI,32,Valencia,312,1152,0,66,02:26:19,8779,17.22291832782777,03/12/2023,,,,6900,,,,6900,2024,330000,436,438,Aout,88,Summer
2023,Mary Zenaida GRANJA,F,29,02:29:30,8970,9443,-0.05,16.8561872909699,03/12/2023,ECU,45,Valencia,314,1152,0,75,02:26:34,8794,17.193541050716398,18/02/2024,,,,,,,,,2024,330000,436,438,Aout,88,Summer
2024,Mary Zenaida GRANJA,F,29,02:26:34,8794,8970,-0.02,17.193541050716398,18/02/2024,ECU,18,Sevilla,314,1152,0,75,02:26:34,8794,17.193541050716398,18/02/2024,,,,,,,,,2024,330000,436,438,Aout,88,Summer
2023,Camille FRENCH,F,34,02:26:08,8768,,,17.244525547445253,03/12/2023,NZL,31,Valencia,321,1150,1,64,02:26:08,8768,17.244525547445253,03/12/2023,164,51,,27800,164,51,,27800,2024,330000,436,438,Aout,88,Summer
2024,Isabel OROPEZA VAZQUEZ,F,34,02:27:57,8877,9005,-0.01,17.032781345049003,18/02/2024,MEX,24,Sevilla,342,1145,0,93,,,,,,,,,,,,,2024,330000,436,438,Aout,88,Summer
2024,Tereza HROCHOVÁ,F,28,02:26:38,8798,9111,-0.03,17.185724028188226,18/02/2024,CZE,19,Sevilla,347,1144,0,77,02:26:38,8798,17.185724028188226,18/02/2024,,,,5509,,,,5509,2024,330000,436,438,Aout,88,Summer
2024,Luz Mery ROJAS,F,31,02:26:47,8807,9380,-0.06,17.168161689565117,18/02/2024,PER,20,Sevilla,355,1142,1,79,02:26:47,8807,17.168161689565117,18/02/2024,160,50,,3225,160,50,,3225,2024,330000,436,438,Aout,88,Summer
2020,Angie ORJUELA,F,35,02:29:12,8952,9147,-0.02,16.890080428954423,06/12/2020,COL,19,Valencia,367,1139,0,57,02:25:35,8735,17.309673726388095,24/09/2023,158,46,,12200,158,46,,12200,2024,330000,436,438,Aout,88,Summer
2023,Angie ORJUELA,F,35,02:33:05,9185,9604,-0.04,16.461622210125203,19/02/2023,COL,22,Sevilla,367,1139,0,57,02:25:35,8735,17.309673726388095,24/09/2023,158,46,,12200,158,46,,12200,2024,330000,436,438,Aout,88,Summer
2023,Angie ORJUELA,F,35,02:25:35,8735,9185,-0.05,17.309673726388095,24/09/2023,COL,16,Berlin,367,1139,0,57,02:25:35,8735,17.309673726388095,24/09/2023,158,46,,12200,158,46,,12200,2024,330000,436,438,Aout,88,Summer
2023,Margarita HERNANDEZ FLORES,F,39,02:25:54,8754,9306,-0.06,17.272104180945853,03/12/2023,MEX,30,Valencia,427,1120,1,63,02:25:54,8754,17.272104180945853,03/12/2023,,,,,,,,,2024,330000,436,438,Aout,88,Summer